,X,Scientific.name,Chinese.common.name,Protected.Species.category
1,1,Antilocapra americana(Only the population of Mexico; no other population is included in this list),?—ç??‰è?ç¾??…å¢¨è¥¿å“¥?ç¾¤),I
2,2,Addax nasomaculatus,å¼“è?ç¾šç?,I
3,3,Ammotragus lervia,é«¯ç?,II
4,4,"Bos gaurus(Excludes the domesticated form, which is referenced as Bos frontalis)",?›æ›·??å®¶ç??‹é™¤å¤?,I
5,5,"Bos mutus(Excludes the domesticated form, which is referenced as Bos grunniens)",?›ç?(å®¶ç??‹é™¤å¤?,I
6,6,Bos sauveli,?ƒå??©ç?,I
7,7,Bubalus depressicornis,"?®æ°´??,I""",
8,8,Bubalus mindorensis,"?²å?è³“æ°´??,I""",
9,9,Bubalus quarlesi,å±±åœ°?®é?æ°´ç?,I
10,10,Budorcas taxicolor,"?­è?ç¾?,II""",
11,11,Capra falconeri,?ºè?å±±ç?,I
12,12,Capricornis milneedwardsii,ä¸­è¯é¬??,I
13,13,Capricornis rubidus,"ç´…é¬£ç¾?,I""",
14,14,Capricornis sumatraensis,?‡é??”è?é¬??,I
15,15,Capricornis swinhoei,?ºç£?å±±ç¾??ºç£?·é?å±±ç?),III
16,16,Capricornis thar,?œé¦¬?‰é?é¬??,I
17,17,Cephalophus brookei,"å¸ƒé­¯?‹é?ç¾?,II""",
18,18,Cephalophus dorsalis,æµ·ç£?ç?,II
19,19,Cephalophus jentinki,?æ??ç?,I
20,20,Cephalophus ogilbyi,"å¥§å?ç¢§é?ç¾?,II""",
21,21,Cephalophus silvicultor,é»ƒè??ç?,II
22,22,Cephalophus zebra,?‘ç??ç?,II
23,23,Damaliscus pygargus pygargus,?½è??½é¢?·ç?,II
24,24,Gazella cuvieri,å¥æ??ªç?,I
25,25,Gazella leptoceros,ç´°è??ªç?,I
26,26,Hippotragus niger variani,é¦¬ç?,I
27,27,Kobus leche,"ç´…æ°´ç¾?,II""",
28,28,Naemorhedus baileyi,"ç´…å±±ç¾?,I""",
29,29,Naemorhedus caudatus,?¯å?å±±ç?,I
30,30,Naemorhedus goral,?€ä»€ç±³çˆ¾å±±ç?,I
31,31,Naemorhedus griseus,?¯å?å±±ç?,I
32,32,Nanger dama,é¹¿ç?,I
33,33,Oryx dammah,"å½è?ç¾?,I""",
34,34,Oryx leucoryx,?¿æ?ä¼¯ç?,I
35,35,Ovis ammon,?¤ç?,II
36,36,Ovis canadensis(Only the population of Mexico; no other population is included in this list),å¤§è?ç¾??…å¢¨è¥¿å“¥?ç¾¤),II
37,37,Ovis aries ophion(Synonym : Ovis orientalis ophion),å¡æ™®è·¯æ–¯èµ¤ç?,I
38,38,Ovis aries vignei(Synonym : Ovis vignei),æ²™å¯¶èµ¤ç?,II
39,39,Pantholops hodgsonii,?ç?,I
40,40,Philantomba monticola,"?é?ç¾?,II""",
41,41,Pseudoryx nghetinhensis,"æ­¦å»£??,I""",
42,42,Rupicapra pyrenaica ornate,"?¿ä¼¯é­¯ç??ªç±³ç¾?,II""",
43,43,Saiga borealis,?™å¤è³½å?ç¾šç?,II
44,44,Saiga tatarica,"å¤§é¼»ç¾?,II""",
45,45,Lama guanicoe,?Ÿé?,II
46,46,Vicugna vicugna,?—ç?é§é¦¬,II
47,47,Axis calamianensis,?€?‰ç±³è±šé¹¿,I
48,48,Axis kuhlii,?°åº¦è±šé¹¿,I
49,49,Axis porcinus annamiticus,?†æ²³è±šé¹¿,I
50,50,Blastocerus dichotomus,"æ²¼æ¾¤é¹?,I""",
51,51,Cervus elaphus bactrianus,ä¸­ä?ç´…é¹¿,II
52,52,Cervus elaphus hanglu,?€ä»€ç±³çˆ¾é¦¬é¹¿,I
53,53,Dama dama mesopotamica,"æ³¢æ–¯é¹?,I""",
54,54,Hippocamelus spp.,é§±é¹¿å±¬æ??‰ç¨®,I
55,55,Muntiacus crinifrons,é»‘é?,I
56,56,Muntiacus vuquangensis,è¶Šå?å¤§é?,I
57,57,Ozotoceros bezoarticus,"?—ç??‰å?é¹?,I""",
58,58,Pudu mephistophiles,"?—æ–¹?®åº¦é¹?,II""",
59,59,Pudu puda,?ºåˆ©å·´é¹¿,I
60,60,Rucervus duvaucelii,æ²¼é¹¿,I
61,61,Rucervus eldii,?¡é¹¿,I
62,62,Rusa unicolor swinhoii(Synonym : Rusa unicolor swinhoei),?ºç£æ°´é¹¿,III
63,63,Hexaprotodon liberiensis,ä¾å?æ²³é¦¬,II
64,64,Hippopotamus amphibious,æ²³é¦¬,II
65,65,Moschus spp.,éºé¹¿å±¬æ??‰ç¨®,II
66,66,Babyrousa babyrussa,è¥¿é?ä¼¯æ–¯é¹¿è?,I
67,67,Babyrousa bolabatuensis,ä¼¯æ?è²å?é¹¿è?,I
68,68,Babyrousa celebensis,?—æ–¹?‡ä?å¨æ–¯é¹¿è?,I
69,69,Babyrousa togeanensis,é¦¬å€«è?é¹¿è?,I
70,70,Sus salvanius,å§¬è±¬,I
71,71,Tayassuidae spp.(Except the species included in Endangered Species),<U+732F>è±¬ç??€?‰ç¨®(?•è‡¨çµ•ç¨®?©ç¨®?¤å?),II
72,72,Catagonus wagneri,"<U+732F>è±?,I""",
73,73,Ailurus fulgens,"å°è???,I""",
74,74,Canis lupus,"??,II""",
75,75,Cerdocyon thous,"é£ŸèŸ¹??,II""",
76,76,Chrysocyon brachyurus,é¬ƒç‹¼,II
77,77,Cuon alpinus,äºæ´²è±ºçŠ¬,II
78,78,Lycalopex culpaeus,å¯‡å·´ä¿„ç?,II
79,79,Lycalopex fulvipes,?”çˆ¾?‡ç?,II
80,80,Lycalopex griseus,"?¿æ ¹å»·ç°??,II""",
81,81,Lycalopex gymnocercus,å·´æ??­ç?,II
82,82,Speothos venaticus,"?¢æ???,I""",
83,83,Vulpes cana,?¿å?æ±—ç?,II
84,84,Vulpes zerda,"?³éƒ­??,II""",
85,85,Cryptoprocta ferox,é¦¬å³¶?·å°¾?¸è?,II
86,86,Eupleres goudotii,å°é?<U+7374>,II
87,87,Fossa fossana,é¦¬å³¶éºè?,II
88,88,"Felidae spp.(Except the species included in Endangered Species, and the domesticated form, which is referenced as Felis catus)",è²“ç??€?‰ç¨®(?•è‡¨çµ•ç¨®?©ç¨®?Šå®¶è²“é™¤å¤?,II
89,89,Acinonyx jubatus,?µè±¹,I
90,90,Catopuma temminckii,è­šæ??‘è?,I
91,91,Felis nigripes,"é»‘è¶³è²?,I""",
92,92,Leopardus geoffroyi,"?¬æ?è²?,I""",
93,93,Leopardus jacobitus,"å®‰åœ°?¯å±±è²?,I""",
94,94,Leopardus pardalis,ç¾æ´²è±¹è?,I
95,95,Leopardus tigrinus,?è?,I
96,96,Leopardus wiedii,?·å°¾?è?,I
97,97,Lynx pardinus,"??U+72AD>??,I""",
98,98,Neofelis nebulosa,?²è±¹,I
99,99,Neofelis nebulosa brachyura,?ºç£?²è±¹,I
100,100,Panthera leo persica,"äºæ´²??,I""",
101,101,Panthera onca,"ç¾æ´²è±?,I""",
102,102,Panthera pardus,?±è±¹,I
103,103,Panthera tigris,"??,I""",
104,104,Pardofelis marmorata,ç´‹è?,I
105,105,Prionailurus bengalensis euptilurus (Synonym : Prionailurus bengalensis chinensis),?³è?,I
106,106,Prionailurus planiceps,"?é ­è²?,I""",
107,107,Puma concolor coryi,ä½›ç??Œé?å±±ç?,II
108,108,Puma concolor costaricensis,"?¥æ–¯å¤§é?? å±±??,I""",
109,109,Puma concolor couguar,?—ç?å±±ç?,II
110,110,Puma yagouaroundi,?—ç??‘è?,I
111,111,Uncia uncia,?ªè±¹,I
112,112,Herpestes urva,æ£•ç?è²?é£ŸèŸ¹<U+7374>),III
113,113,Conepatus humboldtii,"?¿æ ¹å»·è‡­é¼?,II""",
114,114,"Lutrinae spp.(Include Aonyx spp., Enhydra spp., Hydrictis spp., Lontra spp., Lutra spp., Lutrogale spp., Pteronura spp.. Except the species included in marine ecosystem and Endangered Species)",æ°´çºäºç??€?‰ç¨®(æ­¤ä?ç§‘å??«ç„¡?ªæ°´?ºå±¬Aonyx spp.?æµ·?ºå±¬Enhydra spp.?æ??¸æ°´?ºå±¬Hydrictis spp.?ç?æ´²æ°´?ºå±¬Lontra spp.?æ°´?ºå±¬Lutra spp.?å°åº¦æ°´?ºå±¬Lutrogale spp.?å¤§æ°´çºå±¬Pteronura spp.ç­‰ä?å±¬æ??‰ç¨®ï¼›æµ·æ´‹ç??‹ç³»?©ç¨®?‡ç€•è‡¨çµ•ç¨®?©ç¨®?¤å?),II
115,115,Aonyx capensis microdon,?›æ??¡çˆªæ°´çº,I
116,116,Lontra longicaudis,?—ç?æ°´çº,I
117,117,Lontra provocax,?ºåˆ©æ°´çº,I
118,118,Lutra lutra,æ­ä?æ°´çº,I
119,119,Lutra lutra chinensis,æ°´çº,I
120,120,Lutra nippon,?¥æœ¬æ°´çº,I
121,121,Pteronura brasiliensis,"å¤§æ°´??,I""",
122,122,Martes flavigula,"é»ƒå?è²?,III""",
123,123,Mustela nivalis formosana(Synonym : Mustela formosanus),?ºç£å°é?é¼ ç‹¼,III
124,124,Mustela nigripes,é»‘è¶³?ªè?,I
125,125,Ursidae spp.(Except the species included in Endangered Species),?Šç??€?‰ç¨®(?•è‡¨çµ•ç¨®?©ç¨®?¤å?),II
126,126,Ailuropoda melanoleuca,"å¤§è???,I""",
127,127,Helarctos malayanus,"é¦¬ä???,I""",
128,128,Melursus ursinus,?¶ç?,I
129,129,Tremarctos ornatus,"?¼é¡??,I""",
130,130,Ursus arctos isabellinus,"?œé¦¬?‰ä???,I""",
131,131,Ursus thibetanus,äºæ´²é»‘ç?,I
132,132,Ursus thibetanus formosanus,?ºç£é»‘ç?,I
133,133,Cynogale bennettii,"?ºç‹¸è²?,II""",
134,134,Hemigalus derbyanus,æ©«å¸¶?¸è?,II
135,135,Prionodon linsang,æ¢ç??ˆè?,II
136,136,Prionodon pardicolor,?±æ–¹?‘è?,I
137,137,Viverricula indica,"éºé?è²?,II""",
138,138,Coelops frithii,"?¡å°¾?‰é¼»??,II""",
139,139,Acerodon spp.(Except the species included in Endangered Species),?œè?å±¬æ??‰ç¨®(?•è‡¨çµ•ç¨®?©ç¨®?¤å?),II
140,140,Acerodon jubatus,"?²å?è³“æ???,I""",
141,141,Pteropus spp.(Except the species included in Endangered Species),?è?å±¬æ??‰ç¨®(?•è‡¨çµ•ç¨®?©ç¨®?¤å?),II
142,142,Pteropus dasymallus formosus,?ºç£?è?,I
143,143,Pteropus insularis,?½èƒ¸?è?,I
144,144,Pteropus loochoensis,æ²–ç¹©?è?,I
145,145,Pteropus mariannus,?ªåˆ©å®‰å??è?,I
146,146,Pteropus molossinus,"è¥¿å¤ªå¹³æ??¡æ?å³¶ç???,I""",
147,147,Pteropus pelewensis,å¸›ç??è?,I
148,148,Pteropus pilosus,å¸›ç??œè?,I
149,149,Pteropus samoensis,?—å¤ªå¹³æ?æ²™æ›¼äºå³¶?è?,I
150,150,Pteropus tonganus,?±å??è?,I
151,151,Pteropus ualanus,ç§‘æ–¯?‰ä??è?,I
152,152,Pteropus yapensis,"?…æµ¦å³¶ç???,I""",
153,153,Chaetophractus nationi,å¤šæ??°ç‹³,II
154,154,Priodontes maximus,"å¤§çŠ°??,I""",
155,155,Sminthopsis longicaudata,?·å°¾è¢‹é¼©,I
156,156,Sminthopsis psammophila,æ²™æ?è¢‹é¼©,I
157,157,Dendrolagus inustus,?°æ¨¹è¢‹é?,II
158,158,Dendrolagus ursinus,é»‘æ¨¹è¢‹é?,II
159,159,Lagorchestes hirsutus,"è¥¿éƒ¨?”è?é¼?,I""",
160,160,Lagostrophus fasciatus,"æ¢ç??”è?é¼?,I""",
161,161,Onychogalea fraenata,"å°–å°¾?”è?é¼?,I""",
162,162,Phalanger intercastellanus,?±æ–¹è¢‹è?,II
163,163,Phalanger mimicus,?±æ?è¢‹è?,II
164,164,Phalanger orientalis,"?°è?è²?,II""",
165,165,Spilocuscus kraemeri,"?‘é?å³¶è?è²?,II""",
166,166,Spilocuscus maculatus,"?­å°¾?‘è?è²?,II""",
167,167,Spilocuscus papuensis,"è¡›å¤å³¶è?è²?,II""",
168,168,Bettongia spp.,?‰å?è¢‹é?å±¬æ??‰ç¨®,I
169,169,Lasiorhinus krefftii,æ¾³æ´²æ¯›é¼»è¢‹ç?,I
170,170,Caprolagus hispidus,?¿è–©å¯†å?,I
171,171,Romerolagus diazi,å¢¨è¥¿?¥å?,I
172,172,Zaglossus spp.,?·å»?é¼´å±¬æ??‰ç¨®,II
173,173,Perameles bougainville,æ¢ç?è¢‹ç‹¸,I
174,174,Macrotis lagotis,?”å½¢è¢‹ç‹¸,I
175,175,"Equus africanus(Excludes the domesticated form, which is referenced as Equus asinus)",?æ´²?é©¢(å®¶ç??‹é™¤å¤?,I
176,176,Equus grevyi,"?¼åˆ©å¨æ?é¦?,I""",
177,177,Equus hemionus(Except the subspecies included in Endangered Species),äºæ´²?é©¢(?•è‡¨çµ•ç¨®ä¹‹ä?ç¨®é™¤å¤?,II
178,178,Equus hemionus hemionus,?™å¤?é©¢,I
179,179,Equus hemionus khur,?°åº¦?é©¢,I
180,180,Equus kiang,è¥¿è??é©¢,II
181,181,"Equus przewalskii(Excludes the domesticated form, which is referenced as Equus caballus)",?™å¤?é¦¬(å®¶ç??‹é™¤å¤?,I
182,182,Equus zebra hartmannae,?ˆç‰¹?¼å±±?‘é¦¬,II
183,183,Equus zebra zebra,"?—é?å±±æ?é¦?,II""",
184,184,Rhinocerotidae spp.,?€?›ç??€?‰ç¨®,I
185,185,Tapiridae spp.(Except the species included in Rare and Valuable Species),è²˜ç??€?‰ç¨®(?è²´ç¨€?‰ç‰©ç¨®é™¤å¤?,I
186,186,Tapirus terrestris,"å·´è¥¿è²?,II""",
187,187,Manis spp. (Except Manis pentadactyla pentadactyla),ç©¿å±±?²å±¬?€?‰ç¨®(?ºç£ç©¿å±±?²é™¤å¤?,I
188,188,Manis pentadactyla pentadactyla,?ºç£ç©¿å±±??ä¸­å?é¯ªé?),II
189,189,Bradypus pygmaeus,ä¾å?ä¸‰æ?æ¨¹çº,II
190,190,Bradypus variegatus,?»åˆ©ç¶­ä?æ¨¹çº,II
191,191,Myrmecophaga tridactyla,å¤§é??»ç¸,II
192,192,PRIMATES spp.(Except the species included in Endangered Species and Macaca cyclopis),?ˆé•·?®æ??‰ç¨®(?•è‡¨çµ•ç¨®?Šè‡º??¼?´é™¤å¤?,II
193,193,Alouatta coibensis,?·æ??¼çŒ´,I
194,194,Alouatta palliate,é¬ƒæ??¼çŒ´,I
195,195,Alouatta pigra,ç´…é¢?¼çŒ´,I
196,196,Ateles geoffroyi frontatus,"é»‘é??˜è???,I""",
197,197,Ateles geoffroyi panamensis,å·´æ‹¿é¦¬è??›çŒ´,I
198,198,Brachyteles arachnoides,"?²æ??˜è???,I""",
199,199,Brachyteles hypoxanthus,?—æ–¹çµ¨æ??›çŒ´,I
200,200,Oreonax flavicauda,"å±±åœ°çµ¨æ???,I""",
201,201,Callimico goeldii,?´ç‹¨,I
202,202,Callithrix aurita,?½è€³ç‹¨,I
203,203,Callithrix flaviceps,"é»ƒé ­??,I""",
204,204,Leontopithecus spp.,?…ç‹¨å±¬æ??‰ç¨®,I
205,205,Saguinus bicolor,?™è‰²? ç‹¨,I
206,206,Saguinus geoffroyi,æ£‰å?? ç‹¨,I
207,207,Saguinus leucopus,?½è…³? ç‹¨,I
208,208,Saguinus martinsi,"é¦¬æ?æª‰æŸ³??,I""",
209,209,Saguinus Oedipus,"æ£‰é???,I""",
210,210,Saimiri oerstedii,"ç´…è??¾é???,I""",
211,211,Cercocebus galeritus,å¡”é‚£æ²³é•·å°¾çŒ´,I
212,212,Cercopithecus diana,"é»›å?å¨œé???,I""",
213,213,Cercopithecus roloway,"ç¾…æ?å¨é???,I""",
214,214,Macaca silenus,?…å°¾?¼çŒ´,I
215,215,Macaca sylvanus,"å·´å·´?©ç¼??,I""",
216,216,Mandrillus leucophaeus,é¬¼ç?,I
217,217,Mandrillus sphinx,å±±é?,I
218,218,Nasalis larvatus,"?·é¼»??,I""",
219,219,Piliocolobus kirkii,æ¡‘å?å·´ç???Œ´,I
220,220,Piliocolobus rufomitratus,å¡”é‚£æ²³ç???Œ´,I
221,221,Presbytis potenziani,?½é °?‰çŒ´,I
222,222,Pygathrix spp.,æµ·å??‰çŒ´å±¬æ??‰ç¨®,I
223,223,Rhinopithecus spp.,?‘çµ²?´å±¬?€?‰ç¨®,I
224,224,Semnopithecus ajax,"?€ä»€ç±³çˆ¾?°è???,I""",
225,225,Semnopithecus dussumieri,"?—éƒ¨å¹³å??°è???,I""",
226,226,Semnopithecus entellus,?°åº¦?‰çŒ´,I
227,227,Semnopithecus hector,"?”é??°è???,I""",
228,228,Semnopithecus hypoleucos,"é»‘è¶³?°è???,I""",
229,229,Semnopithecus priam,"æ¯›å??°è???,I""",
230,230,Semnopithecus schistaceus,?œå±±?·å°¾?‰çŒ´,I
231,231,Simias concolor,è±¬å°¾?‰çŒ´,I
232,232,Trachypithecus geei,é»ƒå??‰çŒ´,I
233,233,Trachypithecus pileatus,"? è???,I""",
234,234,Trachypithecus shortridgei,"?µå?æ®Šè???,I""",
235,235,Cheirogaleidae spp.,ä¾å??çŒ´ç§‘æ??‰ç¨®,I
236,236,Daubentonia madagascariensis,?‡çŒ´,I
237,237,Gorilla beringei,"å±±åœ°å¤§çŒ©??,I""",
238,238,Gorilla gorilla,"å¤§çŒ©??,I""",
239,239,Pan spp.,é»‘çŒ©?©å±¬?€?‰ç¨®,I
240,240,Pongo abelii,?‡é?ç­”è??©çŒ©,I
241,241,Pongo pygmaeus,ç´…æ??©çŒ©,I
242,242,Hylobatidae spp.,?·è??¿ç??€?‰ç¨®,I
243,243,Indriidae spp.,?‰é¢?çŒ´ç§‘æ??‰ç¨®,I
244,244,Lemuridae spp.,?çŒ´ç§‘æ??‰ç¨®,I
245,245,Lepilemuridae spp.,é¼¬ç??´ç??€?‰ç¨®,I
246,246,Nycticebus spp.,?¶çŒ´å±¬æ??‰ç¨®,I
247,247,Cacajao spp.,ç¦¿çŒ´å±¬æ??‰ç¨®,I
248,248,Chiropotes albinasus,"?½é¼»?å°¾??,I""",
249,249,Elephas maximus,"äºæ´²è±?,I""",
250,250,Loxodonta africana,"?æ´²è±?,I""",
251,251,Chinchilla spp. (Excludes the domesticated form),?—é?å±¬æ??‰ç¨®(é¦´é??‹é™¤å¤?,I
252,252,Leporillus conditor,å·¢é?,I
253,253,Pseudomys fieldi(Synonym : Pseudomys fieldi praeconis),é¯Šç£?¬é?,I
254,254,Xeromys myoides,"?½æ²¼é¼?,I""",
255,255,Zyzomys pedunculatus,"ä¸­æ¾³ç²—å°¾é¼?,I""",
256,256,Cynomys mexicanus,"å¢¨è¥¿?¥è??Ÿæ¾é¼?,I""",
257,257,Ratufa spp.,å¤§æ¾é¼ å±¬?€?‰ç¨®,II
258,258,SCANDENTIA spp.,æ¨¹é¼©?®æ??‰ç¨®,II
259,259,Chimarrogale himalayica,æ°´é¼©,II
260,260,Aix galericulata,é´›é´¦,II
261,261,Anas aucklandica,å¥§å??­é´¨,I
262,262,Anas bernieri,"é¦¬å³¶éº»æ?é´?,II""",
263,263,Anas chlorotis,"ç´è¥¿?­æ?é´?,I""",
264,264,Anas formosa,?±è?é´?å·´é´¨),II
265,265,Anas laysanensis,?·ä?å³¶é´¨,I
266,266,Anas nesiotis,?è??¾é´¨,I
267,267,Asarcornis scutulata(Synonym : Cairina scutulata),?½ç?æ£²é´¨,I
268,268,Aythya baeri,?’é ­æ½›é´¨,II
269,269,Branta canadensis leucopareia,"?¿ç??³é??°é???,I""",
270,270,Branta ruficollis,ç´…èƒ¸é»‘é?,II
271,271,Branta sandvicensis,é»ƒé?é»ƒé?,I
272,272,Coscoroba coscoroba,"?å˜´éµ?,II""",
273,273,Cygnus melancoryphus,é»‘é ¸å¤©é?,II
274,274,Dendrocygna arborea,é»‘å˜´æ¨¹é´¨,II
275,275,Oxyura leucocephala,"?½é ­ç¡¬å°¾é´?,II""",
276,276,Rhodonessa caryophyllacea(possibly extinct),ç²‰é ­é´??¯èƒ½å·²æ?çµ?,I
277,277,Sarkidiornis melanotos,?¤é´¨,II
278,278,Trochilidae spp.(Except the species included in Endangered Species),?‚é³¥ç§‘æ??‰ç¨®(?•è‡¨çµ•ç¨®?©ç¨®?¤å?),II
279,279,Glaucis dohrnii,?¤å??‚é³¥,I
280,280,Glareola maldivarum,??U+9D34>,III
281,281,Hydrophasianus chirurgus,æ°´é?(?‰å°¾æ°´é?),II
282,282,Rostratula benghalensis,å½©é·¸,II
283,283,Calidris pygmaea(Synonym : Eurynorhynchus pygmeus),"?µå˜´é·?,II""",
284,284,Calidris canutus,ç´…è…¹æ¿±é·¸,III
285,285,Limosa limosa,"é»‘å°¾é·?,III""",
286,286,Limnodromus semipalmatus,"?Šè¹¼é·?,III""",
287,287,Numenius arquata,?½è…°?“é·¸(å¤§æ?é·?,III
288,288,Numenius madagascariensis,ç´…è…°?“é·¸,III
289,289,Numenius borealis,æ¥µå??“é·¸,I
290,290,Numenius tenuirostris,ç´°å˜´?“é·¸,I
291,291,Tringa guttifer,"è«¾æ?é·?,I""",
292,292,Calidris tenuirostris,"å¤§æ¿±é·?,III""",
293,293,Turnix sylvaticus,?—ä?è¶¾é?,III
294,294,Egretta eulophotes,"?ç™½é·?,II""",
295,295,Gorsachius goisagi,éº»é·º,III
296,296,Balaeniceps rex,"é¯¨é ­é¸?,II""",
297,297,Ciconia boyciana,?±æ–¹?½é?,I
298,298,Ciconia nigra,é»‘é?,II
299,299,Jabiru mycteria,"è£¸é ¸é¸?,I""",
300,300,Mycteria cinerea,"?—ç?é¸?,I""",
301,301,Phoenicopteridae spp.,ç´…é¶´ç§‘æ??‰ç¨®,II
302,302,Eudocimus ruber,ç´?U+9E6E>,II
303,303,Geronticus calvus,ç¦?U+9E6E>,II
304,304,Geronticus eremita,??U+9E6E>,I
305,305,Nipponia nippon,??U+9E6E>,I
306,306,Platalea leucorodia,"?½çµé·?,II""",
307,307,Platalea minor,é»‘é¢?µé·º,I
308,308,Threskiornis melanocephalus(Synonym : Threskiornis melanocepha),é»‘é ­??U+9E6E>,II
309,309,Caloenas nicobarica,å°¼å¯å·´é´¿,I
310,310,Ducula mindorensis,ç´…å??‡é³©,I
311,311,Gallicolumba luzonica,?‚å??é³©,II
312,312,Goura spp.,é³³å?é³©å±¬?€?‰ç¨®,II
313,313,Treron formosae,ç´…é ­ç¶ é³©,II
314,314,Macropygia tenuirostris,"?·å°¾é³?,III""",
315,315,Aceros spp.(Except the species included in Endangered Species),?”ç?é³¥å±¬?€?‰ç¨®(?•è‡¨çµ•ç¨®?©ç¨®?¤å?),II
316,316,Aceros nipalensis,"æ£•é ¸?€é³?,I""",
317,317,Anorrhinus spp.,é³³é ­?€é³¥å±¬?€?‰ç¨®,II
318,318,Anthracoceros spp.,?‘ç?é³¥å±¬?€?‰ç¨®,II
319,319,Berenicornis spp.,? ç?é³¥å±¬?€?‰ç¨®,II
320,320,Buceros spp.(Except the species included in Endangered Species),?€é³¥å±¬?€?‰ç¨®(?•è‡¨çµ•ç¨®?©ç¨®?¤å?),II
321,321,Buceros bicornis,"?™è??€é³?,I""",
322,322,Penelopides spp.,?‘å˜´?€é³¥å±¬?€?‰ç¨®,II
323,323,Rhinoplax vigil,"?¼ç??€é³?,I""",
324,324,Rhyticeros spp.(Except the species included in Endangered Species),?ºç??€é³¥å±¬?€?‰ç¨®(?•è‡¨çµ•ç¨®?©ç¨®?¤å?),II
325,325,Rhyticeros subruficollis,"èµ¤é ¸?€é³?,I""",
326,326,Tauraco spp.,? è?éµ‘å±¬?€?‰ç¨®,II
327,327,FALCONIFORMES spp.(Except the species included in Endangered Species),?¼å½¢?®æ??‰ç¨®(?•è‡¨çµ•ç¨®?©ç¨®?¤å?),II
328,328,Accipiter gularis,"?¥æœ¬?¾é?é·?,II""",
329,329,Accipiter nisus,"?—é?é·?,II""",
330,330,Accipiter soloensis,"èµ¤è…¹é·?,II""",
331,331,Accipiter trivirgatus,é³³é ­?¼é·¹,II
332,332,Accipiter virgatus,?¾é?é·??€é·?,II
333,333,Aquila adalberti,è¥¿ç­?™ç™½?©éµ°,I
334,334,Aquila heliacal,"?½è‚©éµ?,I""",
335,335,Butastur indicus,?°é¢éµŸé·¹(?°é¢é·?,II
336,336,Buteo buteo,"éµ?,II""",
337,337,Chondrohierax uncinatus wilsonii,"?¤å˜´é³?,I""",
338,338,Circus cyaneus,?°æ¾¤éµ??°é?),II
339,339,Circus melanoleucos,?±æ¾¤éµ?éµ²é?),II
340,340,Circus spilonotus,æ¾¤é?(?±æ–¹æ¾¤é??æ±?¹æ¾¤é·? ,II
341,341,Elanus caeruleus,"é»‘ç?é³?,II""",
342,342,Haliaeetus albicilla,?½å°¾æµ·éµ°,I
343,343,Harpia harpyja,è§’éµ°,I
344,344,Ictinaetus malayensis,?—éµ°,II
345,345,Milvus migrans,é»‘é³¶(?é·¹),II
346,346,Pandion haliaetus,é­šé·¹,II
347,347,Pernis ptilorhynchus,?±æ–¹?‚é·¹(?‚é·¹?é??­é·¹),II
348,348,Pithecophaga jefferyi,"é£ŸçŒ¿éµ?,I""",
349,349,Spilornis cheela,"å¤§å?é·?,II""",
350,350,Nisaetus nipalensis(Synonym : Spizaetus nipalensis),èµ«æ?è§’é·¹(?Šé·¹),I
351,351,Gymnogyps californianus,? å?ç¥é·²,I
352,352,Vultur gryphus,"å®‰åœ°?¯ç?é·?,I""",
353,353,Falco araeus,å¡æ??¾éš¼,I
354,354,Falco jugger,?°åº¦?µéš¼,I
355,355,Falco pelegrinoides,"?¬é???,I""",
356,356,Falco peregrinus,?Šéš¼(??,II
357,357,Falco punctatus,"æ¨¡é?è¥¿æ–¯??,I""",
358,358,Falco rusticolus,?›éš¼,I
359,359,Falco subbuteo,?•éš¼,II
360,360,Falco tinnunculus,ç´…éš¼,II
361,361,Crax blumenbachii,"ç´…å˜´é³³å???,I""",
362,362,Mitu mitu,å¤§å??´é³³? é?,I
363,363,Oreophasis derbianus,"è§’å???,I""",
364,364,Penelope albipennis,?½ç?? é?,I
365,365,Pipile jacutinga,"é»‘é?é³´å???,I""",
366,366,Pipile pipile,"é³´å???,I""",
367,367,Macrocephalon maleo,?‡æ?å¨è¥¿å¡šé?,I
368,368,Arborophila crudigularis,?ºç£å±±é?é´?æ·±å±±ç«¹é?),III
369,369,Argusianus argus,?’é?,II
370,370,Catreus wallichii,å½©é?,I
371,371,Colinus virginianus ridgwayi,"å±±é?é¶?,I""",
372,372,Coturnix chinensis(Excludes the domesticated form),?èƒ¸é¶?é¦´é??‹é™¤å¤?,II
373,373,Crossoptilon crossoptilon,"?é¦¬??,I""",
374,374,Crossoptilon mantchuricum,"è¤é¦¬??,I""",
375,375,Gallus sonneratii,"?°å???,II""",
376,376,Ithaginis cruentus,"è¡€??,II""",
377,377,Lophophorus impejanus,æ£•å°¾?¹é?,I
378,378,Lophophorus lhuysii,ç¶ å°¾?¹é?,I
379,379,Lophophorus sclateri,"?½å°¾æ¢¢è™¹??,I""",
380,380,Lophura edwardsi,"?›å¾·?¯æ?é·?,I""",
381,381,Lophura swinhoii,"?è…¹é·?,II""",
382,382,Pavo muticus,ç¶ å??€,II
383,383,Phasianus colchicus,"?°é ¸??,II""",
384,384,Polyplectron bicalcaratum,"?°å??€??,II""",
385,385,Polyplectron germaini,"?¼æ?å­”é???,II""",
386,386,Polyplectron malacense,"é³³å?å­”é???,II""",
387,387,Polyplectron napoleonis,"å·´æ??›å??€??,I""",
388,388,Polyplectron schleiermacheri,"å©†ç?æ´²å??€??,II""",
389,389,Rheinardia ocellata,"é³³é ­?‘çœ¼??,I""",
390,390,Syrmaticus ellioti,"?½é ¸?·å°¾??,I""",
391,391,Syrmaticus humiae,"é»‘é ¸?·å°¾??,I""",
392,392,Syrmaticus Mikado,é»‘é•·å°¾é?(å¸é?),II
393,393,Tetraogallus caspius,è£¡æµ·?ªé?,I
394,394,Tetraogallus tibetanus,"?é›ª??,I""",
395,395,Tragopan blythii,?°è…¹è§’é?,I
396,396,Tragopan caboti,é»ƒè…¹è§’é?,I
397,397,Tragopan melanocephalus,é»‘é ­è§’é?,I
398,398,Tympanuchus cupido attwateri,?‰å?æ¦›é?,II
399,399,Gruidae spp.(Except the species included in Endangered Species),é¶´ç??€?‰ç¨®(?•è‡¨çµ•ç¨®?©ç¨®?¤å?),II
400,400,Grus americana,"ç¾æ´²é¶?,I""",
401,401,Grus canadensis nesiotes,"?¤å·´æ²™ä?é¶?,I""",
402,402,Grus canadensis pulla,"å¯†è¥¿è¥¿æ?æ²™ä?é¶?,I""",
403,403,Grus japonensis,"ä¸¹é?é¶?,I""",
404,404,Grus leucogeranus,?½é¶´,I
405,405,Grus monacha,"?½é ­é¶?,I""",
406,406,Grus nigricollis,"é»‘é ¸é¶?,I""",
407,407,Grus vipio,"?½æ?é¶?,I""",
408,408,Otididae spp.(Except the species included in Endangered Species),é´‡ç??€?‰ç¨®(?•è‡¨çµ•ç¨®?©ç¨®?¤å?),II
409,409,Ardeotis nigriceps,å¤§å°åº¦é?,I
410,410,Chlamydotis macqueenii,"äºæ´²æ³¢æ?é´?,I""",
411,411,Chlamydotis undulata,"æ³¢æ?é´?,I""",
412,412,Houbaropsis bengalensis,å­Ÿå??‰é?,I
413,413,Gallirallus sylvestris,"æ£®ç§§??,I""",
414,414,Gallicrex cinerea,???,III
415,415,Rhynochetos jubatus,é·ºé¶´,I
416,416,Atrichornis clamosus,"?ˆå¢é³?,I""",
417,417,Coracina macei,"?±ç?å±±æ?é³?,II""",
418,418,Urocissa caerulea,?ºç£?éµ²,III
419,419,Cotinga maculate,å¸¶æ??˜é³¥,I
420,420,Rupicola spp.,? å?é³¥å±¬?€?‰ç¨®,II
421,421,Xipholena atropurpurea,?½ç??˜é³¥,I
422,422,Emberiza sulphurata,??U+9D50>(ç¹¡çœ¼<U+9D50>),II
423,423,Gubernatrix cristata,é»‘å?é»ƒé?,II
424,424,Emberiza aureola,??U+9D50>,II
425,425,Paroaria capitate,é»ƒå˜´ç´…è???U+9D50>,II
426,426,Paroaria coronate,? ç??Ÿå˜´<U+9D50>,II
427,427,Tangara fastuosa,ä¸ƒå½©?å??‰é?,II
428,428,Amandava Formosa,ç¶ è‰²ç´…æ??±é?,II
429,429,Poephila cincta cincta,é»‘å??‰é?,II
430,430,Lonchura atricapilla,é»‘é ­?‡é³¥,III
431,431,Carduelis cucullata,"é»‘é ­ç´…é?ç¿?,I""",
432,432,Carduelis yarrellii,é»ƒè??‘ç?,II
433,433,Carpodacus formosanus,?ºç£?±é?,III
434,434,Prunella collaris,å²©é?,III
435,435,Pseudochelidon sirintarae,?½çœ¼æ²³ç?,I
436,436,Xanthopsar flavus,æ©™é ­é»‘é?,I
437,437,Lanius cristatus,ç´…å°¾ä¼¯å?,III
438,438,Actinodura morrisoniana,ç´‹ç¿¼?«ç?,III
439,439,Garrulax canorus,?«ç?,II
440,440,Garrulax taewanus,?ºç£?«ç?,II
441,441,Ianthocincla poecilorhyncha(Synonym : Garrulax poecilorhynchus),æ£•å™ª??ç«¹é³¥),II
442,442,Ianthocincla ruficeps(Synonym : Garrulax albogularis),?½å??ªç?(?½å?ç¬‘é?),II
443,443,Liocichla omeiensis,?°èƒ¸??U+9DA5>,II
444,444,Liocichla steerii,é»ƒèƒ¸?ªç?,III
445,445,Heterophasia auricularis,"?½è€³ç•«??,III""",
446,446,Lichenostomus melanops cassidix,"?­ç?é£Ÿè?é³?,II""",
447,447,Terpsiphone atrocaudata,ç´«å£½å¸?ç¶¬å¸¶é³?,II
448,448,Myiomela leucura(Synonym : Cinclidium leucura),"?½å°¾é´?,III""",
449,449,Cyornis ruckii,"é­¯å?æ°ä?é¶?,II""",
450,450,Dasyornis broadbenti litoralis(possibly extinct),æ£•è‰²?ºé³¥(?¯èƒ½å·²æ?çµ?,I
451,451,Dasyornis longirostris,?·å°¾?ºé³¥,I
452,452,Enicurus scouleri,"å°å‰ªå°?,II""",
453,453,Niltava vivida,é»ƒè…¹?‰ç?,III
454,454,Phoenicurus fuliginosus(Synonym : Rhyacornis fuliginosus),?›è‰²æ°´é?,III
455,455,Picathartes gymnocephalus,ç¦¿é ­å²©é¶²,I
456,456,Picathartes oreas,?°é ¸å²©é¶²,I
457,457,Tarsiger indicus(Synonym : Luscinia indica),?½ç??—é?,III
458,458,Tarsiger johnstoniae,?—è??—é?,III
459,459,Oriolus chinensis,é»ƒé?,II
460,460,Oriolus traillii,?±é?,II
461,461,Paradisaeidae spp.,å¤©å?é³¥ç??€?‰ç¨®,II
462,462,Macholophus holsti(Synonym : Parus holsti),é»ƒå±±?€,II
463,463,Parus monticolus,ç¶ è?å±±é?(?’è?å±±é?),III
464,464,Periparus ater(Synonym : Parus ater),?¤å±±?€,III
465,465,Sittiparus castaneoventris(Synonym : Sittiparus varius),èµ¤è…¹å±±é?,II
466,466,Passer rutilans,å±±éº»?€,I
467,467,Pitta guajana,"?å°¾?«è‰²é¶?,II""",
468,468,Pitta gurneyi,"æ³°å??«è‰²é¶?,I""",
469,469,Pitta kochi,"?‚å??«è‰²é¶?,I""",
470,470,Pitta nympha,ä»™å…«?²é?(?«è‰²é³?,II
471,471,Pycnonotus taivanus,"?é ­ç¿?,II""",
472,472,Pycnonotus zeylanicus,"é»ƒå?éµ?,II""",
473,473,Regulus goodfellowi,?ºç£?´è?(?«å??´è?é³?,III
474,474,Acridotheres cristatellus,?«å“¥,II
475,475,Gracula religiosa,"ä¹å?é³?,II""",
476,476,Leucopsar rothschildi,?·å??«å“¥,I
477,477,Phylloscopus ijimae,é£¯å³¶?³é¶¯(?¾å??³é¶¯),III
478,478,Leiothrix argentauris,?€?³ç›¸?é³¥,II
479,479,Leiothrix lutea,ç´…å˜´?¸æ€é³¥,II
480,480,Turdus poliocephalus,"?½é ­é¶?,II""",
481,481,Yuhina brunneiceps,? ç¾½?«ç?,III
482,482,Zosterops albogularis,"è«¾ç??‹ç¹¡??,I""",
483,483,Dendrocopos leucotos,å¤§èµ¤?„æœ¨,II
484,484,Dryocopus javensis richardsi,"?½è…¹é»‘å???,I""",
485,485,Picus canus,"ç¶ å???,II""",
486,486,Pteroglossus aracari,é»‘é ¸?¿å¡?‰é´·,II
487,487,Pteroglossus viridis,"ç¶ é˜¿?¡æ?é´?,II""",
488,488,Ramphastos sulfuratus,?šå˜´<U+9D4E><U+9D7C>,II
489,489,Ramphastos toco,?­çµº<U+9D4E><U+9D7C>,II
490,490,Ramphastos tucanus,ç´…å˜´<U+9D4E><U+9D7C>,II
491,491,Ramphastos vitellinus,?¹å˜´<U+9D4E><U+9D7C>,II
492,492,Podilymbus gigas,"å·¨é·¿é·?,I""",
493,493,Cacatua alba,"?½é³³?­é?éµ?,II""",
494,494,Cacatua galerita,?µèŠ±é³³é ­é¸šéµ¡,II
495,495,Cacatua goffiniana(Synonym : Cacatua goffini),"?ˆèŠ¬æ°é³³?­é?éµ?,I""",
496,496,Cacatua haematuropygia,ç´…è?é³³é ­é¸šéµ¡,I
497,497,Cacatua leadbeateri,"è»Šè¼ª? é³³?­é?éµ?,II""",
498,498,Cacatua moluccensis,é®­å?é¸šéµ¡,I
499,499,Cacatua ophthalmica,?çœ¼é³³é ­é¸šéµ¡,II
500,500,Cacatua sulphurea,"å°è‘µ?±é³³?­é?éµ?,I""",
501,501,Calyptorhynchus banksii,"ç´…å°¾é»‘å·´ä¸¹é³³?­é?éµ?,II""",
502,502,Probosciger aterrimus,æ£•æ?ç¾å?é¸šéµ¡,I
503,503,Chalcopsitta atra,?‹é•·é¸šéµ¡,II
504,504,Eos histrio,ç´…è??¸è?é¸šéµ¡,I
505,505,Vini ultramarina,æ·±è??¸è?é¸šéµ¡,I
506,506,Alisterus scapularis,æ¾³æ´²?‹ç?é¸šéµ¡,II
507,507,Amazona aestiva xanthopteryx,"é»ƒç¿¼?å¸½äºé¦¬?œé?éµ?,II""",
508,508,Amazona albifrons,"?½é?äºé¦¬?œé?éµ?,II""",
509,509,Amazona amazonica,"æ©™ç?äºé¦¬?œé?éµ?,II""",
510,510,Amazona arausiaca,"ç´…é?äºé¦¬?œé???,I""",
511,511,Amazona auropalliata,é»ƒé?å¸½ä?é¦¬é?é¸šéµ¡,I
512,512,Amazona autumnalis,"ç´…é?äºé¦¬?œé?éµ?,II""",
513,513,Amazona barbadensis,"é»ƒè‚©äºé¦¬?œé???,I""",
514,514,Amazona brasiliensis,"ç´…å°¾äºé¦¬?œé???,I""",
515,515,Amazona farinosa,"ç¾é?äºé¦¬?œé?éµ?,II""",
516,516,Amazona finschi,æ·¡ç´«? ä?é¦¬é?é¸šå“¥,I
517,517,Amazona guildingii,?–æ?æ£®ä?é¦¬é?é¸šå“¥,I
518,518,Amazona imperialis,"å¸ç?äºé¦¬?œé???,I""",
519,519,Amazona leucocephala,"?¤å·´äºé¦¬?œé???,I""",
520,520,Amazona ochrocephala,"é»ƒå¸½äºé¦¬?œé?éµ?,II""",
521,521,Amazona oratrix,"é»ƒé ­äºé¦¬?œé???,I""",
522,522,Amazona pretrei,ç´…çœ¼?¡ä?é¦¬é?é¸šå“¥,I
523,523,Amazona rhodocorytha,"ç´…é?äºé¦¬?œé???,I""",
524,524,Amazona tucumana,"èµ¤æ?äºé¦¬?œé???,I""",
525,525,Amazona versicolor,"?–è?äºé¦¬?œé???,I""",
526,526,Amazona vinacea,"ç´…èƒ¸äºé¦¬?œé???,I""",
527,527,Amazona viridigenalis,"ç´…å?äºé¦¬?œé???,I""",
528,528,Amazona vittata,"æ³¢å?äºé¦¬?œé???,I""",
529,529,Anodorhynchus spp.,?‰ç??‘å?é¸šéµ¡å±¬æ??‰ç¨®,I
530,530,Ara ambiguous,å¤§ç??‘å?é¸šéµ¡,I
531,531,Ara ararauna,?é??‘å?é¸šéµ¡,II
532,532,Ara chloroptera,ç¶ ç??‘å?é¸šéµ¡,II
533,533,Ara glaucogularis,?å??‘å?é¸šéµ¡,I
534,534,Ara macao,ç·‹ç??‘å?é¸šéµ¡,I
535,535,Ara militaris,è»ç”¨?‘å?é¸šéµ¡,I
536,536,Ara rubrogenys,ç´…é??‘å?é¸šéµ¡,I
537,537,Aratinga weddellii,"ç´…é?äºé¦¬?œé?éµ?,II""",
538,538,Coracopsis nigra,"?æ´²é»‘é?éµ?,II""",
539,539,Coracopsis vasa,é¦¬å³¶é¸šéµ¡,II
540,540,Cyanopsitta spixii,å°è??‘å?é¸šéµ¡,I
541,541,Cyanoramphus cookii,"è«¾ç??‹ç?é¡é?éµ?,I""",
542,542,Cyanoramphus forbesi,é»ƒé?é¸šéµ¡,I
543,543,Cyanoramphus novaezelandiae,ç´…é?é¸šéµ¡,I
544,544,Cyanoramphus saisseti,?°å??Œæ±ç´…é?é¸šéµ¡,I
545,545,Cyclopsitta diophthalma coxeni,"?™çœ¼?¡èŠ±?œé?éµ?,I""",
546,546,Eunymphicus cornutus,"è§’é?éµ?,I""",
547,547,Guarouba guarouba,?‘è‰²é¸šå“¥,I
548,548,Neophema chrysogaster,?ç?é¸šéµ¡,I
549,549,Ognorhynchus icterotis,"é»ƒè€³é???,I""",
550,550,Pezoporus occidentalis(Synonym : Geopsittacus occidentalis; Possibly extinct),å¤œé?éµ??¯èƒ½å·²æ?çµ? ,I
551,551,Pezoporus wallicus,?°æ£²é¸šéµ¡,I
552,552,Pionites leucogaster,?‘é ­?±å?é¸šéµ¡,II
553,553,Pionopsitta pileata,ç´…å¸½é¸šå“¥,I
554,554,Poicephalus robustus,"å¥½æ?è§’é?éµ?,II""",
555,555,Primolius couloni,?é ­?‘å?é¸šéµ¡,I
556,556,Primolius maracana,?ç??‘å?é¸šéµ¡,I
557,557,Psephotus chrysopterygius,?‘è‚©é¸šéµ¡,I
558,558,Psephotus dissimilis,é»ƒè‚©?·å°¾é¸šéµ¡,I
559,559,Psephotus pulcherrimus(extinct),æ¨‚å?é¸šéµ¡(å·²æ?çµ?,I
560,560,Psittacula echo,æ¨¡é?è¥¿æ–¯?°é ¸é¸šéµ¡,I
561,561,Psittacus erithacus,"?°é?éµ?,I""",
562,562,Pyrrhura cruentata,ç´…æ??·å°¾é¸šéµ¡,I
563,563,Rhynchopsitta spp.,?šå˜´é¸šéµ¡å±¬æ??‰ç¨®,I
564,564,Strigops habroptilus,è²“é¢é¸šéµ¡,I
565,565,Rhea pennata (Synonym : Pterocnemia pennata),ç¾æ´²å°é?,I
566,566,Rhea americana,"ç¾æ´²é´?,II""",
567,567,STRIGIFORMES spp.(Except the species included in Endangered Species),é´å½¢?®æ??‰ç¨®(?•è‡¨çµ•ç¨®?©ç¨®?¤å?),II
568,568,Asio flammeus,?­è€³é?,II
569,569,Asio otus,?·è€³é?,II
570,570,Glaucidium brodiei,éµ‚é¶¹,II
571,571,Heteroglaux blewitti,?—æ?å°é?,I
572,572,Ketupa flavipes,"é»ƒé?é´?,II""",
573,573,Mimizuku gurneyi,"å·¨è?é´?,I""",
574,574,Ninox japonica(Synonym : Ninox scutulata),"è¤é·¹é´?,II""",
575,575,Ninox natalis,"?—é·¹é´?,I""",
576,576,Otus elegans botelensis,?­å¶¼è§’é?(?ªé?è§’é?),II
577,577,Otus lettia(Synonym : Otus bakkamoena),"?˜è?é´?,II""",
578,578,Otus spilocephalus,é»ƒå˜´è§’é?,II
579,579,Otus sunia,?±æ–¹è§’é?,II
580,580,Strix leptogrammica,"è¤æ?é´?,II""",
581,581,Strix nivicolum(Synonym : Strix aluco),?±æ–¹?°æ?é´??°æ?é´?,II
582,582,Tyto longimembris(Synonym : Tyto capensis),?‰é?,I
583,583,Tyto soumagnei,é¦¬å³¶?‰é?,I
584,584,Tinamus solitarius,"å­¤å…±é³?,I""",
585,585,Pharomachrus mocinno,"ç¶ å’¬éµ?,I""",
586,586,Alligator sinensis,"?šå?é±?,I""",
587,587,Caiman crocodilus apaporiensis,"?¼é¡?±é?é±·é˜¿å¸•æ³¢?Œæ–¯æ²³ä?ç¨?,I""",
588,588,Caiman latirostris(Except the population of Argentina),å¯¬å»?±é?é±??¿æ ¹å»·æ?ç¾¤é™¤å¤?,I
589,589,"Melanosuchus niger(Except the population of Brazil, Ecuador)",é»‘å‡±?€é±?å·´è¥¿?Šå??œå??ç¾¤?¤å?),I
590,590,Crocodylus acutus(Except the population of Cuba),ç¾æ´²é±??¤å·´?ç¾¤?¤å?),I
591,591,Mecistops cataphractus (Synonym :Crocodylus cataphractus),"?æ´²ç´°å»é±?,I""",
592,592,Crocodylus intermedius,"å¥§åˆ©è«¾ç?é±?,I""",
593,593,Crocodylus mindorensis,?²å?è³“é±·,I
594,594,Crocodylus moreletii,"?œåœ°é¦¬æ?é±?,I""",
595,595,"Crocodylus niloticus(Except the populations of Botswana, Ethiopia, Kenya, Madagascar, Malawi, Mozambique, Namibia, South Africa, Uganda, the United Republic of Tanzania, Zambia and Zimbabwe)",å°¼ç?é±?æ³¢æœ­??€è¡£ç´¢æ?äºã€è‚¯äºã€é¦¬?”å??¯å??é¦¬?‰å??è«ä¸‰æ??‹ã€ç?ç±³æ?äºã€å??ã€ç?å¹²é??å¦å°šå°¼äºã€å?æ¯”ä??Œè?å·´å?ä¹‹æ?ç¾¤é™¤å¤?,I
596,596,Crocodylus palustris,"æ²¼æ¾¤é±?,I""",
597,597,"Crocodylus porosus(Except the populations of Australia, Indonesia and Papua New Guinea)",æ²³å£é±?æ¾³å¤§?©ä??å°å°¼å?å·´å?äºç?å¹¾å…§äºä??ç¾¤?¤å?),I
598,598,Crocodylus rhombifer,"?¤å·´é±?,I""",
599,599,Crocodylus siamensis,"?¹ç?é±?,I""",
600,600,Osteolaemus tetraspis,"ä¾å?é±?,I""",
601,601,Tomistoma schlegelii,"é¦¬ä??·å˜´é±?,I""",
602,602,Gavialis gangeticus,"?†æ²³é±?,I""",
603,603,Sphenodon spp.,?ºè?é±·èœ¥å±¬æ??‰ç¨®,I
604,604,Japalura luei,"?‚æ??€??,II""",
605,605,Japalura makii,"?§æ??€??,II""",
606,606,Dopasia harti(Synonym : Ophisaurus harti),?ˆç‰¹æ°è????‡èœ¥?è‡º?????,II
607,607,Abronia anzuetoi,"å®‰æ?æ¨¹é±·??,I""",
608,608,Abronia campbelli,"?æ?æ¨¹é±·??,I""",
609,609,Abronia fimbriata,"é£¾ç·£æ¨¹é±·??,I""",
610,610,Abronia frosti,"å¼—æ?æ¨¹é±·??,I""",
611,611,Abronia meledona,"?–å±±æ¨¹é±·??,I""",
612,612,Archaius spp.,è³½å¸­?¾è??²é?å±¬æ??‰ç¨®,II
613,613,Bradypodion spp.,ä¾å?è®Šè‰²é¾å±¬?€?‰ç¨®,II
614,614,Brookesia spp.(Except the species included in Endangered Species),?¯è?è®Šè‰²é¾å±¬?€?‰ç¨®(?•è‡¨çµ•ç¨®?©ç¨®?¤å?),II
615,615,Brookesia perarmata,"?«ç‘°?¯è?è®Šè‰²é¾?,I""",
616,616,Calumma spp.,?¤å?è®Šè‰²é¾å±¬?€?‰ç¨®,II
617,617,Chamaeleo spp.(Except Chamaeleo calyptratus),è®Šè‰²é¾å±¬?€?‰ç¨®(é«˜å?è®Šè‰²é¾Chamaeleo calyptratus?¤å?),II
618,618,Furcifer spp.,é¦¬é?? æ–¯? è??²é?å±¬æ??‰ç¨®,II
619,619,Kinyongia spp.,?æ´²è®Šè‰²é¾å±¬?€?‰ç¨®,II
620,620,Nadzikambia spp.,?¨è˜­?‰å±±è®Šè‰²é¾å±¬?€?‰ç¨®,II
621,621,Trioceros spp.,ä¸‰è?è®Šè‰²é¾ä?å±¬æ??‰ç¨®,II
622,622,Cordylus spp.,?°å°¾?¥å±¬?€?‰ç¨®,II
623,623,Cnemaspis psychedelica,å¹»å½©å£è?,I
624,624,Gekko kikuchii,?Šæ?æ°å????­å¶¼å®ˆå®®?è?æ± æ??§è›¤),II
625,625,Lepidodactylus yami,?…ç?é±—è¶¾???…ç?é±—è¶¾?è?),II
626,626,Lygodactylus williamsi,"?·è??¥å?å®?,I""",
627,627,Nactus serpensinsula,"?‡å³¶å¼“è¶¾??,II""",
628,628,Naultinus spp.,ç´è¥¿?­å??å±¬?€?‰ç¨®,II
629,629,Uroplatus spp.,é¦¬é?? æ–¯? è?å°¾å??å±¬?€?‰ç¨®,II
630,630,Heloderma spp.(Except the species included in Endangered Species),æ¯’èœ¥å±¬æ??‰ç¨®(?•è‡¨çµ•ç¨®?©ç¨®?¤å?),II
631,631,Heloderma horridum charlesbogerti,"å¢¨è¥¿?¥æ??¥ç??°é¦¬?‰ä?ç¨?,I""",
632,632,Brachylophus spp.,?æ?é¬?œ¥å±¬æ??‰ç¨®,I
633,633,Conolophus spp.,?¸é¬£?¥å±¬?€?‰ç¨®,II
634,634,Ctenosaura bakeri,"?æ??‰åˆºå°¾é¬£??,II""",
635,635,Ctenosaura melanosterna,?¿é??ºå°¾é¬?œ¥,II
636,636,Ctenosaura oedirhina,ç¾…é¨°?ºå°¾é¬?œ¥,II
637,637,Ctenosaura palearis,"?‰åˆºå°¾é¬£??,II""",
638,638,Cyclura spp.,?“å°¾é¬?œ¥å±¬æ??‰ç¨®,I
639,639,Iguana spp.(Except Iguana iguana),ç¾æ´²é¬?œ¥å±¬æ??‰ç¨®(ç¶ é¬£?¥Iguana iguana?¤å?),II
640,640,Phrynosoma blainvillii,"å¸ƒè˜­ç¶­çˆ¾?¯è???,II""",
641,641,Phrynosoma cerroense,"å³¶è???,II""",
642,642,Phrynosoma coronatum,æµ·å²¸è§’èœ¥,II
643,643,Phrynosoma wigginsi,æµ·ç£è§’èœ¥,II
644,644,Sauromalus varius,è®Šè‰²?‘ç?é¬?œ¥,I
645,645,Gallotia simonyi,è¥¿æ?? ç??©ç¾¤å³¶èœ¥,I
646,646,Podarcis lilfordi,?©æ?å£èœ¥,II
647,647,Podarcis pityusensis,"ä¾æ??²å???,II""",
648,648,Takydromus sauteri,æ¢­å¾·æ°è????—è‡º?‰èœ¥),III
649,649,Lanthanotidae spp.,å©†ç??¥ç?(?¡è€³å·¨?¥ç?)?€?‰ç¨®,II
650,650,Corucia zebrata,"?€ç¾…é???,II""",
651,651,Crocodilurus amazonicus,"é±·å°¾??,II""",
652,652,Dracaena spp.,?ƒå??¥å±¬?€?‰ç¨®,II
653,653,Varanus spp.(Except the species included in Endangered Species),å·¨èœ¥å±¬æ??‰ç¨®(?•è‡¨çµ•ç¨®?©ç¨®?¤å?),II
654,654,Varanus bengalensis,"å­Ÿå??‰å·¨??,I""",
655,655,Varanus flavescens,"é»ƒå·¨??,I""",
656,656,Varanus griseus,æ²™æ?å·¨èœ¥,I
657,657,Varanus komodoensis,"ç§‘æ‘©å¤šå·¨??,I""",
658,658,Varanus nebulosus,é»æ?å·¨èœ¥,I
659,659,Shinisaurus crocodilurus,?¤å±±é±·èœ¥,I
660,660,Acrantophis spp.,é¦¬é?? æ–¯? åœ°?ºå±¬?€?‰ç¨®,I
661,661,Boa constrictor occidentalis,?¹å°¾?ºé˜¿?¹å»·äºç¨®,I
662,662,Epicrates inornatus,æ³¢å?é»å??¹èšº,I
663,663,Epicrates monensis,?«å³¶?¹èšº,I
664,664,Epicrates subflavus,"?™è²·? è™¹??,I""",
665,665,Sanzinia madagascariensis,"é¦¬é?? æ–¯? æ¨¹??,I""",
666,666,Bolyeriidae spp.(Except the species included in Endangered Species),?·è?ç§‘æ??‰ç¨®(?•è‡¨çµ•ç¨®?©ç¨®?¤å?),II
667,667,Bolyeria multocarinata,?“å³¶?·è?,I
668,668,Casarea dussumieri,?“å³¶?°èšº,I
669,669,Amphiesma miyajimae,"?‘çµ²??,I""",
670,670,Clelia clelia,"?¬èšº??,II""",
671,671,Cyclagras gigas,?—ç?æ°´è?,II
672,672,Elachistodon westermanni,"?°åº¦é£Ÿåµ??,II""",
673,673,Hypsiscopus plumbea (Synonym : Enhydris plumbea),?›è‰²æ°´è?,III
674,674,Euprepiophis mandarinus(Synonym : Elaphe mandarina),"é«˜ç???,III""",
675,675,Myrrophis chinensis(Synonym : Enhydris chinensis),"?æ°´??,II """,
676,676,Elaphe taeniura (Synonym : Orthriophis taeniurus),é»‘ç??¦è?(?¦è?),III
677,677,Rhabdophis swinhonis,?¯æ?è±ªæ?æ¸¸è?,III
678,678,Sinonatrix annularis,èµ¤è…¹æ¸¸è?,II
679,679,Xenochrophis piscator,"?‰èŠ±??,III""",
680,680,Hoplocephalus bungaroides,å¯¬ç??­è?,II
681,681,Naja kaouthia,?®çœ¼ç´‹çœ¼?¡è?,II
682,682,Naja mandalayensis,"ç·¬ç”¸?¼é¡??,II""",
683,683,Naja naja,"?°åº¦?¼é¡??,II""",
684,684,Naja oxiana,"ä¸­ä??¼é¡??,II""",
685,685,Naja philippinensis,?²å?è³“çœ¼?¡è?,II
686,686,Naja sagittifera,å®‰é??¼çœ¼?¡è?,II
687,687,Naja samarensis,"?²å??¼é¡??,II""",
688,688,Naja siamensis,"?¹ç??¼é¡??,II""",
689,689,Naja sputatrix,"?°å°¼?´æ??¼é¡??,II""",
690,690,Naja sumatrana,"?‡é?ç­”è??´æ??¼é¡??,II""",
691,691,Ophiophagus hannah,?¼é¡?‹è?,II
692,692,Sinomicrurus hatori,"ç¾½é³¥æ°å¸¶ç´‹èµ¤??,II""",
693,693,Sinomicrurus macclellandi,?°ç?èµ¤è?,III
694,694,Sinomicrurus sauteri,æ¢­å¾·æ°å¸¶ç´‹èµ¤??å¸¶ç?èµ¤è?),II
695,695,Python molurus molurus,äºæ´²å²©è??‡å?äºç¨®,I
696,696,Python reticulatus,"ç¶²ç???,II""",
697,697,Tropidophiidae spp.,?—èšºç§‘æ??‰ç¨®,II
698,698,Atheris desaixi,?¯ä?æ¨?U+8770>,II
699,699,Bitis worthingtoni,?¯ä?è§?U+8770>(?¯ä?<U+565D><U+8770>),II
700,700,Daboia siamensis(Synonym : Daboia russelii),?–è?,II
701,701,Deinagkistrodon acutus,"?¾æ­¥??,II""",
702,702,Ovophis monticola,?ªå®¶å±±é?æ®¼èŠ±(?¿é?å±±é?æ®¼èŠ±),II
703,703,Protobothrops mangshanensis (Synonym : Trimeresurus mangshanensis),?½å±±?™éµ?­è?,II
704,704,Trimeresurus gracilis,?Šæ?æ°é?æ®¼èŠ±,III
705,705,Vipera ursinii,?‰å?<U+8770>,I
706,706,Montivipera wagneri (Synonym : Vipera wagneri),é­æ??®è?,II
707,707,Carettochelys insculpta,"è±¬é¼»é¾?,II""",
708,708,Chelodina mccordi,ç¾…åœ°å³¶è??¸é?,II
709,709,Pseudemydura umbrina,"æ¾³æ´²?­é ¸é¾?,I""",
710,710,Dermatemys mawii,æ³¥é?,II
711,711,Glyptemys muhlenbergii,?Ÿæ?æ°´é?,I
712,712,Terrapene coahuila,æ²¼æ¾¤ç®±é?,I
713,713,Batagur affinis,é¦¬ä?æ½®é?,I
714,714,Batagur baska,æ½®é?,I
715,715,Batagur borneoensis,ä¸‰ç?æ½®é?,II
716,716,Batagur dhongoka,"ä¸‰ç??±è?é¾?,II""",
717,717,Batagur kachuga,ç´…é?æ½®é?,II
718,718,Batagur trivittata,"ç·¬ç”¸?±è?é¾?,II""",
719,719,Cuora spp.(Except Cuora flavomarginata),?‰æ®¼é¾œå±¬?€?‰ç¨®(é£Ÿè?é¾œé™¤å¤?,II
720,720,Cuora flavomarginata,"é£Ÿè?é¾?,I""",
721,721,Cyclemys spp.,?é?å±¬æ??‰ç¨®,II
722,722,Geoclemys hamiltonii,?‘é?æ± é?,I
723,723,Geoemyda japonica,?‰ç??°é?,II
724,724,Geoemyda spengleri,é»‘èƒ¸?‰é?,II
725,725,Hardella thurjii,"? è?é¾?,II""",
726,726,Heosemys annandalii,é»ƒé ­å»Ÿé?,II
727,727,Heosemys depressa,äºæ´²å±±é?,II
728,728,Heosemys grandis,äºæ´²å·¨é?,II
729,729,Heosemys spinosa,"å¤ªé™½é¾?,II""",
730,730,Leucocephalon yuwonoi,?‡æ?ç¶­è¥¿?‰é?,II
731,731,Malayemys macrocephala,"æ³°å?é£Ÿèºé¾?,II""",
732,732,Malayemys subtrijuga,"é¦¬ä?é£Ÿè¸é¾?,II""",
733,733,Mauremys annamensis,"å®‰å??¬æ°´é¾?,II""",
734,734,Mauremys japonica,?¥æœ¬?³é?,II
735,735,Mauremys mutica,"?´æ£ºé¾?,I""",
736,736,Mauremys nigricans,é»‘é ¸?é?,II
737,737,Mauremys reevesii(Synonym : Chinemys reevesii),?‘é?,II
738,738,Melanochelys tricarinata,ä¸‰é?éª¨é?,I
739,739,Melanochelys trijuga,?°åº¦é»‘é?,II
740,740,Morenia ocellata,ç·¬ç”¸?¼æ?æ²¼é?,I
741,741,Morenia petersi,?°åº¦?¼æ?æ²¼é?,II
742,742,Notochelys platynota,"?­æ¿é¾?,II""",
743,743,Orlitia borneensis,"å©†ç?æ´²æ²³é¾?,II""",
744,744,Pangshura spp.(Except the species included in Endangered Species),å°æ£±?Œé?å±¬æ??‰ç¨®(?•è‡¨çµ•ç¨®?©ç¨®?¤å?),II
745,745,Pangshura tecta,?—å°åº¦æ£±?Œé?,I
746,746,Sacalia bealei,"?¼æ?é¾?,II""",
747,747,Sacalia quadriocellata,"?›çœ¼é¾?,II""",
748,748,Siebenrockiella crassicollis,"ç²—é ¸é¾?,II""",
749,749,Siebenrockiella leytensis,?²å?è³“ç??¸é?,II
750,750,Vijayachelys silvatica,"?—æ?é¾?,II""",
751,751,Platysternidae spp.,å¤§é ­é¾œç??€?‰ç¨®,I
752,752,Erymnochelys madagascariensis,é¦¬é?? æ–¯? å¤§?­å´?¸é?,II
753,753,Peltocephalus dumerilianus,äºé¦¬?œå¤§?­å´?¸é?,II
754,754,Podocnemis spp.(Except Podocnemis unifilis),?—ç??´é ¸é¾œå±¬?€?‰ç¨®(é»ƒé ­?´é ¸é¾œPodocnemis unifilis?¤å?),II
755,755,Testudinidae spp.(Except the species included in Endangered Species),?¸é?ç§‘æ??‰ç¨®(?•è‡¨çµ•ç¨®?©ç¨®?¤å?),II
756,756,Astrochelys radiata,å°„ç??¸é?,I
757,757,Astrochelys yniphora,å®‰å“¥æ´›å¡?¸é?,I
758,758,Chelonoidis nigra,? æ?å·´å“¥è±¡é?,I
759,759,Geochelone platynota,ç·¬ç”¸?Ÿé?,I
760,760,Gopherus flavomarginatus,é»ƒç·£æ²™é?,I
761,761,Psammobates geometricus,å¹¾ä??¸é?,I
762,762,Pyxis arachnoides,?›ç¶²?¸é?,I
763,763,Pyxis planicauda,å¹³è??¸é?,I
764,764,Testudo kleinmanni,?ƒå??¸é?,I
765,765,Amyda cartilaginea,"äºæ´²é±?,II""",
766,766,Apalone spinifera atra,"é»‘æ?é±?,I""",
767,767,Chitra spp.(Except the species included in Endangered Species),å°é ­é±‰å±¬?€?‰ç¨®(?•è‡¨çµ•ç¨®?©ç¨®?¤å?),II
768,768,Chitra chitra,"ç´‹è?å°é ­é±?,I""",
769,769,Chitra vandijki,"ç·¬ç”¸å°é ­é±?,I""",
770,770,Dogania subplana,"é¦¬ä?é±?,II""",
771,771,Lissemys ceylonensis,"?¯é??­å¡ç·?¿é±?,II""",
772,772,Lissemys punctata,"?°åº¦ç·?¿é±?,II""",
773,773,Lissemys scutata,"ç·¬ç”¸ç·?¿é±?,II""",
774,774,Nilssonia formosa,"ç·¬ç”¸å­”é?é±?,II""",
775,775,Nilssonia gangetica(Synonym : Aspideretes gangeticus),"?°åº¦é±?,I""",
776,776,Nilssonia hurum(Synonym : Aspideretes hurum),"å­”é?é±?,I""",
777,777,Nilssonia leithii,"?Šæ?é±?,II""",
778,778,Nilssonia nigricans(Synonym : Aspideretes nigricans),é»‘é?,I
779,779,Palea steindachneri,"å±±ç?é±?,II""",
780,780,Pelochelys spp.,å·¨é?å±¬æ??‰ç¨®,II
781,781,Pelodiscus axenaria,?‚é?,II
782,782,Pelodiscus maackii,"?±å?é±?,II""",
783,783,Pelodiscus parviformis,å°é?,II
784,784,Rafetus swinhoei,?‘é?,II
785,785,Allobates femoralis,ç´…è…¿?°ç®­æ¯’è?,II
786,786,Allobates hodli,?ˆæ??°ç®­æ¯’è?,II
787,787,Allobates myersi,éº¥æ??°ç®­æ¯’è?,II
788,788,Allobates rufulus,å¸­æ??°ç®­æ¯’è?,II
789,789,Allobates zaparo,ç´…è??°ç®­æ¯’è?,II
790,790,Amietophrynus superciliaris(Synonym : Bufo superciliaris),?«ç??¾è?,I
791,791,Altiphrynoides spp.(Synonym : Spinophrynoides spp.),è¡?´¢?¹ä??¾è?å±¬æ??‰ç¨®,I
792,792,Atelopus zeteki,æ¾¤æ??‘èŸ¾,I
793,793,Incilius periglenes(Synonym : Bufo periglenes),?‘è‰²?¾è?,I
794,794,Nectophrynoides spp.,?æ´²?ç??¾è?å±¬æ??‰ç¨®,I
795,795,Nimbaphrynoides spp.,å¯§å·´å±±è??ŸèŸ¾?å±¬?€?‰ç¨®,I
796,796,Adelphobates spp.,å·´è¥¿?œç®­æ¯’è?å±¬æ??‰ç¨®,II
797,797,Ameerega spp.,å½©è…¹ç®­æ??™å±¬?€?‰ç¨®,II
798,798,Andrinobates spp.,ç´…å¯¶?³ç®­æ¯’è?å±¬æ??‰ç¨®,II
799,799,Dendrobates spp.,ç®­æ??™å±¬?€?‰ç¨®,II
800,800,Epipedobates spp.,å¹½é?ç®­æ??™å±¬?€?‰ç¨®,II
801,801,Excidobates spp.,?‘é?ç®­æ??™å±¬?€?‰ç¨®,II
802,802,Hyloxalus azureiventris(Synonym : Cryptophyllobates azureiventris),"å¤©è?ç®­æ???,II""",
803,803,Minyobates spp.,ä¾å?ç®­æ??™å±¬?€?‰ç¨®,II
804,804,Oophaga spp.,é£Ÿåµç®­æ??™å±¬?€?‰ç¨®,II
805,805,Phyllobates spp.,?‰ç®­æ¯’è?å±¬æ??‰ç¨®,II
806,806,Ranitomeya spp.,?‡æ?ç®­æ??™å±¬?€?‰ç¨®,II
807,807,Mantella spp.,?¼è?å±¬æ??‰ç¨®,II
808,808,Telmatobius culeus,?„ç??€?€æ¹–è?,I
809,809,Dyscophus antongilii,å®‰æ±?‰åˆ©ç´…è?,II
810,810,Babina okinavana(Synonym : Rana okinavana),"è±ç´??,II""",
811,811,Hylarana taipehensis(Synonym : Rana taipehensis),?ºå?èµ¤è?,II
812,812,Pelophylax fukienensis(Synonym : Rana plancyi),"?‘ç???,III""",
813,813,Rhacophorus arvalis,è«¸ç?æ¨¹è?,II
814,814,Rhacophorus aurantiventris,æ©™è…¹æ¨¹è?,II
815,815,Rhacophorus prasinatus,ç¿¡ç?æ¨¹è?,III
816,816,Rhacophorus taipeianus,?ºå?æ¨¹è?,III
817,817,Andrias spp.,å¤§é¯¢å±¬æ??‰ç¨®,I
818,818,Hynobius arisanensis,?¿é?å±±å±±æ¤’é?,II
819,819,Hynobius formosanus,"?ºç£å±±æ?é­?,I""",
820,820,Hynobius fuca,è§€?§å±±æ¤’é?,I
821,821,Hynobius glacialis,"?—æ?å±±æ?é­?,I""",
822,822,Hynobius sonani,æ¥šå?æ°å±±æ¤’é?,I
823,823,Neurergus kaiseri,å¸ç??‘è?,I
824,824,Hemimyzon taitungensis,?ºæ±?“çˆ¬å²©é?,II
825,825,Sinogastromyzon nantaiensis,"?—è‡ºä¸­è¯?¬å²©é°?,III""",
826,826,Sinogastromyzon puliensis,"?”é?ä¸­è¯?¬å²©é°?,III""",
827,827,Chasmistes cujus,è²´ç?å±ˆé?,I
828,828,Metzia formosae,?ºç£æ¢…æ?<U+9BFF>(?ºç£ç´?U+9BFF>),III
829,829,Metzia mesembrinum(Synonym : Metzia mesembrina),å¤§é?æ¢…æ?<U+9BFF>,III
830,830,Pararasbora moltrechti,?ºç£?¯ç´°é¯??ºç£?½é?),II
831,831,Probarbus jullieni,ç©—é??Ÿé?,I
832,832,Squalidus banarescui,"å·´æ??€é®?,I""",
833,833,Squalidus iijimae,"é£¯å³¶æ°é?é®?,I""",
834,834,Scleropages formosus,é¾é?,I
835,835,Oncorhynchus masou,"æ«»èŠ±?¤å»é®?,I""",
836,836,Liobagrus formosanus,?ºç£<U+9BB0>,III
837,837,Pangasianodon gigas,"æ¹„å…¬æ²³å¤§é¯?,I""",
838,838,Buprestis mirabilis,"å¦–è‰·?‰ä???,II""",
839,839,Hemadius oenochrous(Synonym : Aeolesthes oenochrous),"?§ç¤¾è¡€?‘å¤©??,III""",
840,840,Eupyrgops waltonianus(Synonym : Kashotonus multipunctatus),ç¢æ?ç¡¬è±¡é¼»èŸ²,II
841,841,Pachyrhynchus chlorites(Synonym : Pachyrrhynchus insularis),"?½é??ƒè?è±¡é¼»??,II""",
842,842,Pachyrhynchus nobilis yamianus(Synonym : Pachyrrhynchus yamianus),"?·ç??ƒè?è±¡é¼»??,II""",
843,843,Pachyrhynchus sarcitis kotoensis(Synonym : Pachyrrhynchus kotoensis),å¤§å??‘ç??Œè±¡é¼»èŸ²,II
844,844,Pachyrhynchus sonani(Synonym : Pachyrrhynchus sonani),"æ¢ç??ƒè?è±¡é¼»??,II""",
845,845,Pachyrhynchus tobafolius(Synonym : Pachyrrhynchus tobafolius),å°å??‘ç??Œè±¡é¼»èŸ²,II
846,846,Campsosternus watanabei,?¹å½©?©é ­??å½©è™¹?©é ­??,II
847,847,Aquatica hydrophila(Synonym : Luciola hydrophila),"é»ƒèƒ¸é»‘ç???,II""",
848,848,Pristolycus kanoi,é¹¿é?æ°é??ˆè¢,II
849,849,Dorcus curvidens formosanus(Synonym : Dorcus formosanus),?ºç£å¤§é¬å½¢èŸ²,III
850,850,Dorcus schenklingi,?·è?å¤§é¬å½¢èŸ²,II
851,851,Cheirotonus formosanus(Synonym : Cheirotonus macleayi),?ºç£?·è??‘é?,III
852,852,Formotosena seebohmi,?ºç£?ºèŸ¬,II
853,853,Sasakia charonda,å¤§ç´«?ºè¶,I
854,854,Papilio maraho(Synonym : Agehana maraho),å¯¬å°¾é³³è¶,I
855,855,Atrophaneura horishana,"?™é³³??,III""",
856,856,Ornithoptera alexandrae,?…é??Šå?å¥³ç?é³¥ç¿¼??å¥³ç?äºæ­·å±±å¤§å·¨é³³??,I
857,857,Papilio chikae,?‚å?é³³è¶,I
858,858,Papilio homerus,?·é¦¬é³³è¶(?·è¥¿é³³è¶),I
859,859,Troides aeacus,é»ƒè£³é³³è¶,III
860,860,Troides magellanus,? å?é³³è¶,I
861,861,Anotogaster klossi(Synonym : Anotogaster sieboldii),?¡éœ¸?¾è?,II
862,862,Phyllophorina kotoshoensis,?­å¶¼å¤§è??½èŸ´,III
863,863,Megacrania tsudai,"æ´¥ç”°æ°å¤§?­ç«¹ç¯€??,II""",
864,864,Birgus latro,æ¤°å????«å¦??,II
865,865,Conradilla caelata,"é³¥ç¿¼?Ÿç???,I""",
866,866,Dromus dromas,"?®å³°é§±é??Ÿç???,I""",
867,867,Epioblasma curtisi,?­ç?? è?,I
868,868,Epioblasma florentina,"é»ƒèŠ±?Ÿç???,I""",
869,869,Epioblasma sampsonii,"è¾›å?æ£®æ??Ÿç???,I""",
870,870,Epioblasma sulcata perobliqua,?½è??ªç?? è?,I
871,871,Epioblasma torulosa gubernaculum,"ç¶ èŠ±?Ÿç???,I""",
872,872,Epioblasma torulosa torulosa,"?¤èŠ±?Ÿç???,I""",
873,873,Epioblasma turgidula,"å¤§èŠ±?Ÿç???,I""",
874,874,Epioblasma walkeri,"æ£•èŠ±?Ÿç???,I""",
875,875,Fusconaia cuneolus,"ç´°ç?è±¬è¶¾?Ÿç???,I""",
876,876,Fusconaia edgariana,"?ƒç?è±¬è¶¾?Ÿç???,I""",
877,877,Lampsilis higginsii,ä½•é?æ°ç?? è?,I
878,878,Lampsilis orbiculata orbiculata,"ç²‰ç??Ÿç???,I""",
879,879,Lampsilis satur,ç´ è??ç?? è?,I
880,880,Lampsilis virescens,"?¿æ?å·´é¦¬?Ÿç???,I""",
881,881,Plethobasus cicatricosus,?½ç??©ç?? è?,I
882,882,Plethobasus cooperianus,"æ©˜è¶³?™ç˜©?Ÿç???,I""",
883,883,Pleurobema plenum,ç²—è±¬è¶¾ç?? è?,I
884,884,Potamilus capax,?¥è??ç?? è?,I
885,885,Quadrula intermedia,"åº·å??­å¾·?´é¢?Ÿç???,I""",
886,886,Quadrula sparsa,?¿å??‰å?å±±çŒ´?¢ç?? è?,I
887,887,Toxolasma cylindrella,"ä¾å??Ÿç???,I""",
888,888,Unio nickliniana,"å°¼å??—æ??Ÿç???,I""",
889,889,Unio tampicoensis tecomatensis,å¢¨è¥¿?¥ç?? è?,I
890,890,Villosa trabalis,åº·å??­å¾·è±†ç?? è?,I
891,891,Achatinella spp.,å°ç‘ª?™èºå±¬æ??‰ç¨®,I
892,892,NA,NA,NA
