"","X","Scientific.name","Chinese.common.name","Protected.Species.category"
"1",1,"Antilocapra americana%(Only the population of Mexico; no other population is included in this list)","北美叉角羚(僅墨西哥族群)","I"
"2",2,"Addax nasomaculatus","弓角羚羊","I"
"3",3,"Ammotragus lervia","髯羊","II"
"4",4,"Bos gaurus%(Excludes the domesticated form, which is referenced as Bos frontalis)","牛曷牛(家畜型除外)","I"
"5",5,"Bos mutus%(Excludes the domesticated form, which is referenced as Bos grunniens)","犛牛(家畜型除外)","I"
"6",6,"Bos sauveli","考布利牛","I"
"7",7,"Bubalus depressicornis","矮水牛","I"
"8",8,"Bubalus mindorensis","菲律賓水牛","I"
"9",9,"Bubalus quarlesi","山地矮野水牛","I"
"10",10,"Budorcas taxicolor","扭角羚","II"
"11",11,"Capra falconeri","螺角山羊","I"
"12",12,"Capricornis milneedwardsii","中華鬣羚","I"
"13",13,"Capricornis rubidus","紅鬣羚","I"
"14",14,"Capricornis sumatraensis","蘇門達臘鬣羚","I"
"15",15,"Capricornis swinhoei","臺灣野山羊(臺灣長鬃山羊)","III"
"16",16,"Capricornis thar","喜馬拉雅鬣羚","I"
"17",17,"Cephalophus brookei","布魯克遁羚","II"
"18",18,"Cephalophus dorsalis","海灣遁羚","II"
"19",19,"Cephalophus jentinki","珍氏遁羚","I"
"20",20,"Cephalophus ogilbyi","奧吉碧遁羚","II"
"21",21,"Cephalophus silvicultor","黃背遁羚","II"
"22",22,"Cephalophus zebra","斑紋遁羚","II"
"23",23,"Damaliscus pygargus pygargus","白臀白面狷羚","II"
"24",24,"Gazella cuvieri","奎氏瞪羚","I"
"25",25,"Gazella leptoceros","細角瞪羚","I"
"26",26,"Hippotragus niger variani","馬羚","I"
"27",27,"Kobus leche","紅水羚","II"
"28",28,"Naemorhedus baileyi","紅山羚","I"
"29",29,"Naemorhedus caudatus","華北山羚","I"
"30",30,"Naemorhedus goral","喀什米爾山羚","I"
"31",31,"Naemorhedus griseus","華南山羚","I"
"32",32,"Nanger dama","鹿羚","I"
"33",33,"Oryx dammah","彎角羚","I"
"34",34,"Oryx leucoryx","阿拉伯羚","I"
"35",35,"Ovis ammon","盤羊","II"
"36",36,"Ovis canadensis(Only the population of Mexico; no other population is included in this list)","大角羊(僅墨西哥族群)","II"
"37",37,"Ovis aries ophion%(Synonym : Ovis orientalis ophion)","塞普路斯赤羊","I"
"38",38,"Ovis aries vignei%(Synonym : Ovis vignei)","沙寶赤羊","II"
"39",39,"Pantholops hodgsonii","藏羚","I"
"40",40,"Philantomba monticola","藍遁羚","II"
"41",41,"Pseudoryx nghetinhensis","武廣牛","I"
"42",42,"Rupicapra pyrenaica ornate","阿伯魯玆雪米羚","II"
"43",43,"Saiga borealis","蒙古賽加羚羊","II"
"44",44,"Saiga tatarica","大鼻羚","II"
"45",45,"Lama guanicoe","原駝","II"
"46",46,"Vicugna vicugna","南美駝馬","II"
"47",47,"Axis calamianensis","喀拉米豚鹿","I"
"48",48,"Axis kuhlii","印度豚鹿","I"
"49",49,"Axis porcinus annamiticus","恆河豚鹿","I"
"50",50,"Blastocerus dichotomus","沼澤鹿","I"
"51",51,"Cervus elaphus bactrianus","中亞紅鹿","II"
"52",52,"Cervus elaphus hanglu","喀什米爾馬鹿","I"
"53",53,"Dama dama mesopotamica","波斯鹿","I"
"54",54,"Hippocamelus spp.","駱鹿屬所有種","I"
"55",55,"Muntiacus crinifrons","黑麂","I"
"56",56,"Muntiacus vuquangensis","越南大麂","I"
"57",57,"Ozotoceros bezoarticus","南美草原鹿","I"
"58",58,"Pudu mephistophiles","北方普度鹿","II"
"59",59,"Pudu puda","智利巴鹿","I"
"60",60,"Rucervus duvaucelii","沼鹿","I"
"61",61,"Rucervus eldii","坡鹿","I"
"62",62,"Rusa unicolor swinhoii%(Synonym : Rusa unicolor swinhoei)","臺灣水鹿","III"
"63",63,"Hexaprotodon liberiensis","侏儒河馬","II"
"64",64,"Hippopotamus amphibious","河馬","II"
"65",65,"Moschus spp.","麝鹿屬所有種","II"
"66",66,"Babyrousa babyrussa","西里伯斯鹿豚","I"
"67",67,"Babyrousa bolabatuensis","伯拉貝塔鹿豚","I"
"68",68,"Babyrousa celebensis","北方蘇來威斯鹿豚","I"
"69",69,"Babyrousa togeanensis","馬倫蓋鹿豚","I"
"70",70,"Sus salvanius","姬豬","I"
"71",71,"Tayassuidae spp.(Except the species included in Endangered Species)","<U+732F>豬科所有種(瀕臨絕種物種除外)","II"
"72",72,"Catagonus wagneri","<U+732F>豬","I"
"73",73,"Ailurus fulgens","小貓熊","I"
"74",74,"Canis lupus","狼","II"
"75",75,"Cerdocyon thous","食蟹狐","II"
"76",76,"Chrysocyon brachyurus","鬃狼","II"
"77",77,"Cuon alpinus","亞洲豺犬","II"
"78",78,"Lycalopex culpaeus","寇巴俄狐","II"
"79",79,"Lycalopex fulvipes","達爾文狐","II"
"80",80,"Lycalopex griseus","阿根廷灰狐","II"
"81",81,"Lycalopex gymnocercus","巴拉圭狐","II"
"82",82,"Speothos venaticus","叢林犬","I"
"83",83,"Vulpes cana","阿富汗狐","II"
"84",84,"Vulpes zerda","耳郭狐","II"
"85",85,"Cryptoprocta ferox","馬島長尾狸貓","II"
"86",86,"Eupleres goudotii","小齒<U+7374>","II"
"87",87,"Fossa fossana","馬島麝貓","II"
"88",88,"Felidae spp.(Except the species included in Endangered Species, and the domesticated form, which is referenced as Felis catus)","貓科所有種(瀕臨絕種物種及家貓除外)","II"
"89",89,"Acinonyx jubatus","獵豹","I"
"90",90,"Catopuma temminckii","譚氏金貓","I"
"91",91,"Felis nigripes","黑足貓","I"
"92",92,"Leopardus geoffroyi","喬氏貓","I"
"93",93,"Leopardus jacobitus","安地斯山貓","I"
"94",94,"Leopardus pardalis","美洲豹貓","I"
"95",95,"Leopardus tigrinus","虎貓","I"
"96",96,"Leopardus wiedii","長尾虎貓","I"
"97",97,"Lynx pardinus","林<U+72AD>曳","I"
"98",98,"Neofelis nebulosa","雲豹","I"
"99",99,"Neofelis nebulosa brachyura","臺灣雲豹","I"
"100",100,"Panthera leo persica","亞洲獅","I"
"101",101,"Panthera onca","美洲豹","I"
"102",102,"Panthera pardus","花豹","I"
"103",103,"Panthera tigris","虎","I"
"104",104,"Pardofelis marmorata","紋貓","I"
"105",105,"Prionailurus bengalensis euptilurus (Synonym : Prionailurus bengalensis chinensis)","石虎","I"
"106",106,"Prionailurus planiceps","扁頭貓","I"
"107",107,"Puma concolor coryi","佛羅里達山獅","II"
"108",108,"Puma concolor costaricensis","哥斯大黎加山獅","I"
"109",109,"Puma concolor couguar","北美山獅","II"
"110",110,"Puma yagouaroundi","南美金貓","I"
"111",111,"Uncia uncia","雪豹","I"
"112",112,"Herpestes urva","棕簑貓(食蟹<U+7374>)","III"
"113",113,"Conepatus humboldtii","阿根廷臭鼬","II"
"114",114,"Lutrinae spp.%(Include Aonyx spp., Enhydra spp., Hydrictis spp., Lontra spp., Lutra spp., Lutrogale spp., Pteronura spp.. Except the species included in marine ecosystem and Endangered Species)","水獺亞科所有種(此亞科包含無爪水獺屬Aonyx spp.、海獺屬Enhydra spp.、斑頸水獺屬Hydrictis spp.、美洲水獺屬Lontra spp.、水獺屬Lutra spp.、印度水獺屬Lutrogale spp.、大水獺屬Pteronura spp.等七屬所有種；海洋生態系物種與瀕臨絕種物種除外)","II"
"115",115,"Aonyx capensis microdon","剛果無爪水獺","I"
"116",116,"Lontra longicaudis","南美水獺","I"
"117",117,"Lontra provocax","智利水獺","I"
"118",118,"Lutra lutra","歐亞水獺","I"
"119",119,"Lutra lutra chinensis","水獺","I"
"120",120,"Lutra nippon","日本水獺","I"
"121",121,"Pteronura brasiliensis","大水獺","I"
"122",122,"Martes flavigula","黃喉貂","III"
"123",123,"Mustela nivalis formosana%(Synonym : Mustela formosanus)","臺灣小黃鼠狼","III"
"124",124,"Mustela nigripes","黑足雪貂","I"
"125",125,"Ursidae spp.(Except the species included in Endangered Species)","熊科所有種(瀕臨絕種物種除外)","II"
"126",126,"Ailuropoda melanoleuca","大貓熊","I"
"127",127,"Helarctos malayanus","馬來熊","I"
"128",128,"Melursus ursinus","懶熊","I"
"129",129,"Tremarctos ornatus","眼鏡熊","I"
"130",130,"Ursus arctos isabellinus","喜馬拉亞熊","I"
"131",131,"Ursus thibetanus","亞洲黑熊","I"
"132",132,"Ursus thibetanus formosanus","臺灣黑熊","I"
"133",133,"Cynogale bennettii","獺狸貓","II"
"134",134,"Hemigalus derbyanus","橫帶狸貓","II"
"135",135,"Prionodon linsang","條紋靈貓","II"
"136",136,"Prionodon pardicolor","東方蓑貓","I"
"137",137,"Viverricula indica","麝香貓","II"
"138",138,"Coelops frithii","無尾葉鼻蝠","II"
"139",139,"Acerodon spp.(Except the species included in Endangered Species)","果蝠屬所有種(瀕臨絕種物種除外)","II"
"140",140,"Acerodon jubatus","菲律賓果蝠","I"
"141",141,"Pteropus spp.(Except the species included in Endangered Species)","狐蝠屬所有種(瀕臨絕種物種除外)","II"
"142",142,"Pteropus dasymallus formosus","臺灣狐蝠","I"
"143",143,"Pteropus insularis","白胸狐蝠","I"
"144",144,"Pteropus loochoensis","沖繩狐蝠","I"
"145",145,"Pteropus mariannus","瑪利安娜狐蝠","I"
"146",146,"Pteropus molossinus","西太平洋卡洛島狐蝠","I"
"147",147,"Pteropus pelewensis","帛琉狐蝠","I"
"148",148,"Pteropus pilosus","帛琉果蝠","I"
"149",149,"Pteropus samoensis","南太平洋沙曼亞島狐蝠","I"
"150",150,"Pteropus tonganus","東加狐蝠","I"
"151",151,"Pteropus ualanus","科斯拉伊狐蝠","I"
"152",152,"Pteropus yapensis","雅浦島狐蝠","I"
"153",153,"Chaetophractus nationi","多毛犰狳","II"
"154",154,"Priodontes maximus","大犰狳","I"
"155",155,"Sminthopsis longicaudata","長尾袋鼩","I"
"156",156,"Sminthopsis psammophila","沙漠袋鼩","I"
"157",157,"Dendrolagus inustus","灰樹袋鼠","II"
"158",158,"Dendrolagus ursinus","黑樹袋鼠","II"
"159",159,"Lagorchestes hirsutus","西部兔袋鼠","I"
"160",160,"Lagostrophus fasciatus","條紋兔袋鼠","I"
"161",161,"Onychogalea fraenata","尖尾兔袋鼠","I"
"162",162,"Phalanger intercastellanus","東方袋貂","II"
"163",163,"Phalanger mimicus","隱斑袋貂","II"
"164",164,"Phalanger orientalis","灰袋貂","II"
"165",165,"Spilocuscus kraemeri","金鐘島袋貂","II"
"166",166,"Spilocuscus maculatus","短尾斑袋貂","II"
"167",167,"Spilocuscus papuensis","衛古島袋貂","II"
"168",168,"Bettongia spp.","草原袋鼠屬所有種","I"
"169",169,"Lasiorhinus krefftii","澳洲毛鼻袋熊","I"
"170",170,"Caprolagus hispidus","阿薩密兔","I"
"171",171,"Romerolagus diazi","墨西哥兔","I"
"172",172,"Zaglossus spp.","長吻針鼴屬所有種","II"
"173",173,"Perameles bougainville","條紋袋狸","I"
"174",174,"Macrotis lagotis","兔形袋狸","I"
"175",175,"Equus africanus%(Excludes the domesticated form, which is referenced as Equus asinus)","非洲野驢(家畜型除外)","I"
"176",176,"Equus grevyi","格利威斑馬","I"
"177",177,"Equus hemionus%(Except the subspecies included in Endangered Species)","亞洲野驢(瀕臨絕種之亞種除外)","II"
"178",178,"Equus hemionus hemionus","蒙古野驢","I"
"179",179,"Equus hemionus khur","印度野驢","I"
"180",180,"Equus kiang","西藏野驢","II"
"181",181,"Equus przewalskii(Excludes the domesticated form, which is referenced as Equus caballus)","蒙古野馬(家畜型除外)","I"
"182",182,"Equus zebra hartmannae","哈特曼山斑馬","II"
"183",183,"Equus zebra zebra","南非山斑馬","II"
"184",184,"Rhinocerotidae spp.","犀牛科所有種","I"
"185",185,"Tapiridae spp.%(Except the species included in Rare and Valuable Species)","貘科所有種(珍貴稀有物種除外)","I"
"186",186,"Tapirus terrestris","巴西貘","II"
"187",187,"Manis spp. (Except Manis pentadactyla pentadactyla)","穿山甲屬所有種(臺灣穿山甲除外)","I"
"188",188,"Manis pentadactyla pentadactyla","臺灣穿山甲(中國鯪鯉)","II"
"189",189,"Bradypus pygmaeus","侏儒三指樹獺","II"
"190",190,"Bradypus variegatus","玻利維亞樹獺","II"
"191",191,"Myrmecophaga tridactyla","大食蟻獸","II"
"192",192,"PRIMATES spp.%(Except the species included in Endangered Species and Macaca cyclopis)","靈長目所有種(瀕臨絕種及臺灣獼猴除外)","II"
"193",193,"Alouatta coibensis","長毛吼猴","I"
"194",194,"Alouatta palliate","鬃毛吼猴","I"
"195",195,"Alouatta pigra","紅面吼猴","I"
"196",196,"Ateles geoffroyi frontatus","黑額蜘蛛猴","I"
"197",197,"Ateles geoffroyi panamensis","巴拿馬蜘蛛猴","I"
"198",198,"Brachyteles arachnoides","捲毛蜘蛛猴","I"
"199",199,"Brachyteles hypoxanthus","北方絨毛蛛猴","I"
"200",200,"Oreonax flavicauda","山地絨毛猴","I"
"201",201,"Callimico goeldii","猴狨","I"
"202",202,"Callithrix aurita","白耳狨","I"
"203",203,"Callithrix flaviceps","黃頭狨","I"
"204",204,"Leontopithecus spp.","獅狨屬所有種","I"
"205",205,"Saguinus bicolor","雙色獠狨","I"
"206",206,"Saguinus geoffroyi","棉冠獠狨","I"
"207",207,"Saguinus leucopus","白腳獠狨","I"
"208",208,"Saguinus martinsi","馬氏檉柳猴","I"
"209",209,"Saguinus Oedipus","棉頂狨","I"
"210",210,"Saimiri oerstedii","紅背松鼠猴","I"
"211",211,"Cercocebus galeritus","塔那河長尾猴","I"
"212",212,"Cercopithecus diana","黛安娜鬚猴","I"
"213",213,"Cercopithecus roloway","羅洛威鬚猴","I"
"214",214,"Macaca silenus","獅尾獼猴","I"
"215",215,"Macaca sylvanus","巴巴利獼猴","I"
"216",216,"Mandrillus leucophaeus","鬼狒","I"
"217",217,"Mandrillus sphinx","山魈","I"
"218",218,"Nasalis larvatus","長鼻猴","I"
"219",219,"Piliocolobus kirkii","桑吉巴紅疣猴","I"
"220",220,"Piliocolobus rufomitratus","塔那河紅疣猴","I"
"221",221,"Presbytis potenziani","白頰葉猴","I"
"222",222,"Pygathrix spp.","海南葉猴屬所有種","I"
"223",223,"Rhinopithecus spp.","金絲猴屬所有種","I"
"224",224,"Semnopithecus ajax","喀什米爾灰葉猴","I"
"225",225,"Semnopithecus dussumieri","南部平原灰葉猴","I"
"226",226,"Semnopithecus entellus","印度葉猴","I"
"227",227,"Semnopithecus hector","達頓灰葉猴","I"
"228",228,"Semnopithecus hypoleucos","黑足灰葉猴","I"
"229",229,"Semnopithecus priam","毛冠灰葉猴","I"
"230",230,"Semnopithecus schistaceus","喜山長尾葉猴","I"
"231",231,"Simias concolor","豬尾葉猴","I"
"232",232,"Trachypithecus geei","黃冠葉猴","I"
"233",233,"Trachypithecus pileatus","冠葉猴","I"
"234",234,"Trachypithecus shortridgei","邵力殊葉猴","I"
"235",235,"Cheirogaleidae spp.","侏儒狐猴科所有種","I"
"236",236,"Daubentonia madagascariensis","指猴","I"
"237",237,"Gorilla beringei","山地大猩猩","I"
"238",238,"Gorilla gorilla","大猩猩","I"
"239",239,"Pan spp.","黑猩猩屬所有種","I"
"240",240,"Pongo abelii","蘇門答臘猩猩","I"
"241",241,"Pongo pygmaeus","紅毛猩猩","I"
"242",242,"Hylobatidae spp.","長臂猿科所有種","I"
"243",243,"Indriidae spp.","光面狐猴科所有種","I"
"244",244,"Lemuridae spp.","狐猴科所有種","I"
"245",245,"Lepilemuridae spp.","鼬狐猴科所有種","I"
"246",246,"Nycticebus spp.","懶猴屬所有種","I"
"247",247,"Cacajao spp.","禿猴屬所有種","I"
"248",248,"Chiropotes albinasus","白鼻狐尾猴","I"
"249",249,"Elephas maximus","亞洲象","I"
"250",250,"Loxodonta africana","非洲象","I"
"251",251,"Chinchilla spp. (Excludes the domesticated form)","栗鼠屬所有種(馴養型除外)","I"
"252",252,"Leporillus conditor","巢鼠","I"
"253",253,"Pseudomys fieldi%(Synonym : Pseudomys fieldi praeconis)","鯊灣擬鼠","I"
"254",254,"Xeromys myoides","偽沼鼠","I"
"255",255,"Zyzomys pedunculatus","中澳粗尾鼠","I"
"256",256,"Cynomys mexicanus","墨西哥草原松鼠","I"
"257",257,"Ratufa spp.","大松鼠屬所有種","II"
"258",258,"SCANDENTIA spp.","樹鼩目所有種","II"
"259",259,"Chimarrogale himalayica","水鼩","II"
"260",260,"Aix galericulata","鴛鴦","II"
"261",261,"Anas aucklandica","奧克蘭鴨","I"
"262",262,"Anas bernieri","馬島麻斑鴨","II"
"263",263,"Anas chlorotis","紐西蘭棕鴨","I"
"264",264,"Anas formosa","花臉鴨(巴鴨)","II"
"265",265,"Anas laysanensis","雷仙島鴨","I"
"266",266,"Anas nesiotis","坎貝爾鴨","I"
"267",267,"Asarcornis scutulata%(Synonym : Cairina scutulata)","白翅棲鴨","I"
"268",268,"Aythya baeri","青頭潛鴨","II"
"269",269,"Branta canadensis leucopareia","阿留申黑頰黑雁","I"
"270",270,"Branta ruficollis","紅胸黑雁","II"
"271",271,"Branta sandvicensis","黃額黃雁","I"
"272",272,"Coscoroba coscoroba","扁嘴鵝","II"
"273",273,"Cygnus melancoryphus","黑頸天鵝","II"
"274",274,"Dendrocygna arborea","黑嘴樹鴨","II"
"275",275,"Oxyura leucocephala","白頭硬尾鴨","II"
"276",276,"Rhodonessa caryophyllacea%(possibly extinct)","粉頭鴨(可能已滅絕)","I"
"277",277,"Sarkidiornis melanotos","瘤鴨","II"
"278",278,"Trochilidae spp.(Except the species included in Endangered Species)","蜂鳥科所有種(瀕臨絕種物種除外)","II"
"279",279,"Glaucis dohrnii","鉤喙蜂鳥","I"
"280",280,"Glareola maldivarum","燕<U+9D34>","III"
"281",281,"Hydrophasianus chirurgus","水雉(雉尾水雉)","II"
"282",282,"Rostratula benghalensis","彩鷸","II"
"283",283,"Calidris pygmaea(Synonym : Eurynorhynchus pygmeus)","琵嘴鷸","II"
"284",284,"Calidris canutus","紅腹濱鷸","III"
"285",285,"Limosa limosa","黑尾鷸","III"
"286",286,"Limnodromus semipalmatus","半蹼鷸","III"
"287",287,"Numenius arquata","白腰杓鷸(大杓鷸)","III"
"288",288,"Numenius madagascariensis","紅腰杓鷸","III"
"289",289,"Numenius borealis","極北杓鷸","I"
"290",290,"Numenius tenuirostris","細嘴杓鷸","I"
"291",291,"Tringa guttifer","諾氏鷸","I"
"292",292,"Calidris tenuirostris","大濱鷸","III"
"293",293,"Turnix sylvaticus","林三趾鶉","III"
"294",294,"Egretta eulophotes","唐白鷺","II"
"295",295,"Gorsachius goisagi","麻鷺","III"
"296",296,"Balaeniceps rex","鯨頭鸛","II"
"297",297,"Ciconia boyciana","東方白鸛","I"
"298",298,"Ciconia nigra","黑鸛","II"
"299",299,"Jabiru mycteria","裸頸鸛","I"
"300",300,"Mycteria cinerea","南美鸛","I"
"301",301,"Phoenicopteridae spp.","紅鶴科所有種","II"
"302",302,"Eudocimus ruber","紅<U+9E6E>","II"
"303",303,"Geronticus calvus","禿<U+9E6E>","II"
"304",304,"Geronticus eremita","隱<U+9E6E>","I"
"305",305,"Nipponia nippon","朱<U+9E6E>","I"
"306",306,"Platalea leucorodia","白琵鷺","II"
"307",307,"Platalea minor","黑面琵鷺","I"
"308",308,"Threskiornis melanocephalus%(Synonym : Threskiornis melanocepha)","黑頭白<U+9E6E>","II"
"309",309,"Caloenas nicobarica","尼可巴鴿","I"
"310",310,"Ducula mindorensis","紅喉皇鳩","I"
"311",311,"Gallicolumba luzonica","呂宋雞鳩","II"
"312",312,"Goura spp.","鳳冠鳩屬所有種","II"
"313",313,"Treron formosae","紅頭綠鳩","II"
"314",314,"Macropygia tenuirostris","長尾鳩","III"
"315",315,"Aceros spp.(Except the species included in Endangered Species)","盔犀鳥屬所有種(瀕臨絕種物種除外)","II"
"316",316,"Aceros nipalensis","棕頸犀鳥","I"
"317",317,"Anorrhinus spp.","鳳頭犀鳥屬所有種","II"
"318",318,"Anthracoceros spp.","斑犀鳥屬所有種","II"
"319",319,"Berenicornis spp.","冠犀鳥屬所有種","II"
"320",320,"Buceros spp.(Except the species included in Endangered Species)","犀鳥屬所有種(瀕臨絕種物種除外)","II"
"321",321,"Buceros bicornis","雙角犀鳥","I"
"322",322,"Penelopides spp.","斑嘴犀鳥屬所有種","II"
"323",323,"Rhinoplax vigil","鋼盔犀鳥","I"
"324",324,"Rhyticeros spp.(Except the species included in Endangered Species)","皺盔犀鳥屬所有種(瀕臨絕種物種除外)","II"
"325",325,"Rhyticeros subruficollis","赤頸犀鳥","I"
"326",326,"Tauraco spp.","冠蕉鵑屬所有種","II"
"327",327,"FALCONIFORMES spp.%(Except the species included in Endangered Species)","隼形目所有種(瀕臨絕種物種除外)","II"
"328",328,"Accipiter gularis","日本松雀鷹","II"
"329",329,"Accipiter nisus","北雀鷹","II"
"330",330,"Accipiter soloensis","赤腹鷹","II"
"331",331,"Accipiter trivirgatus","鳳頭蒼鷹","II"
"332",332,"Accipiter virgatus","松雀鷹(雀鷹)","II"
"333",333,"Aquila adalberti","西班牙白肩鵰","I"
"334",334,"Aquila heliacal","白肩鵰","I"
"335",335,"Butastur indicus","灰面鵟鷹(灰面鷲)","II"
"336",336,"Buteo buteo","鵟","II"
"337",337,"Chondrohierax uncinatus wilsonii","鉤嘴鳶","I"
"338",338,"Circus cyaneus","灰澤鵟(灰鷂)","II"
"339",339,"Circus melanoleucos","花澤鵟(鵲鷂)","II"
"340",340,"Circus spilonotus","澤鵟(東方澤鵟、東方澤鷂) ","II"
"341",341,"Elanus caeruleus","黑翅鳶","II"
"342",342,"Haliaeetus albicilla","白尾海鵰","I"
"343",343,"Harpia harpyja","角鵰","I"
"344",344,"Ictinaetus malayensis","林鵰","II"
"345",345,"Milvus migrans","黑鳶(老鷹)","II"
"346",346,"Pandion haliaetus","魚鷹","II"
"347",347,"Pernis ptilorhynchus","東方蜂鷹(蜂鷹、雕頭鷹)","II"
"348",348,"Pithecophaga jefferyi","食猿鵰","I"
"349",349,"Spilornis cheela","大冠鷲","II"
"350",350,"Nisaetus nipalensis%(Synonym : Spizaetus nipalensis)","赫氏角鷹(熊鷹)","I"
"351",351,"Gymnogyps californianus","加州神鷲","I"
"352",352,"Vultur gryphus","安地斯神鷲","I"
"353",353,"Falco araeus","塞昔爾隼","I"
"354",354,"Falco jugger","印度獵隼","I"
"355",355,"Falco pelegrinoides","擬遊隼","I"
"356",356,"Falco peregrinus","遊隼(隼)","II"
"357",357,"Falco punctatus","模里西斯隼","I"
"358",358,"Falco rusticolus","矛隼","I"
"359",359,"Falco subbuteo","燕隼","II"
"360",360,"Falco tinnunculus","紅隼","II"
"361",361,"Crax blumenbachii","紅嘴鳳冠雉","I"
"362",362,"Mitu mitu","大刀嘴鳳冠雉","I"
"363",363,"Oreophasis derbianus","角冠雉","I"
"364",364,"Penelope albipennis","白翅冠雉","I"
"365",365,"Pipile jacutinga","黑額鳴冠雉","I"
"366",366,"Pipile pipile","鳴冠雉","I"
"367",367,"Macrocephalon maleo","蘇拉威西塚雉","I"
"368",368,"Arborophila crudigularis","臺灣山鷓鴣(深山竹雞)","III"
"369",369,"Argusianus argus","青鸞","II"
"370",370,"Catreus wallichii","彩雉","I"
"371",371,"Colinus virginianus ridgwayi","山齒鶉","I"
"372",372,"Coturnix chinensis(Excludes the domesticated form)","藍胸鶉(馴養型除外)","II"
"373",373,"Crossoptilon crossoptilon","藏馬雞","I"
"374",374,"Crossoptilon mantchuricum","褐馬雞","I"
"375",375,"Gallus sonneratii","灰原雞","II"
"376",376,"Ithaginis cruentus","血雉","II"
"377",377,"Lophophorus impejanus","棕尾虹雉","I"
"378",378,"Lophophorus lhuysii","綠尾虹雉","I"
"379",379,"Lophophorus sclateri","白尾梢虹雉","I"
"380",380,"Lophura edwardsi","愛德華氏鷴","I"
"381",381,"Lophura swinhoii","藍腹鷴","II"
"382",382,"Pavo muticus","綠孔雀","II"
"383",383,"Phasianus colchicus","環頸雉","II"
"384",384,"Polyplectron bicalcaratum","灰孔雀雉","II"
"385",385,"Polyplectron germaini","眼斑孔雀雉","II"
"386",386,"Polyplectron malacense","鳳冠孔雀雉","II"
"387",387,"Polyplectron napoleonis","巴拉望孔雀雉","I"
"388",388,"Polyplectron schleiermacheri","婆羅洲孔雀雉","II"
"389",389,"Rheinardia ocellata","鳳頭斑眼雉","I"
"390",390,"Syrmaticus ellioti","白頸長尾雉","I"
"391",391,"Syrmaticus humiae","黑頸長尾雉","I"
"392",392,"Syrmaticus Mikado","黑長尾雉(帝雉)","II"
"393",393,"Tetraogallus caspius","裡海雪雞","I"
"394",394,"Tetraogallus tibetanus","藏雪雞","I"
"395",395,"Tragopan blythii","灰腹角雉","I"
"396",396,"Tragopan caboti","黃腹角雉","I"
"397",397,"Tragopan melanocephalus","黑頭角雉","I"
"398",398,"Tympanuchus cupido attwateri","草原榛雞","II"
"399",399,"Gruidae spp.(Except the species included in Endangered Species)","鶴科所有種(瀕臨絕種物種除外)","II"
"400",400,"Grus americana","美洲鶴","I"
"401",401,"Grus canadensis nesiotes","古巴沙丘鶴","I"
"402",402,"Grus canadensis pulla","密西西比沙丘鶴","I"
"403",403,"Grus japonensis","丹頂鶴","I"
"404",404,"Grus leucogeranus","白鶴","I"
"405",405,"Grus monacha","白頭鶴","I"
"406",406,"Grus nigricollis","黑頸鶴","I"
"407",407,"Grus vipio","白枕鶴","I"
"408",408,"Otididae spp.(Except the species included in Endangered Species)","鴇科所有種(瀕臨絕種物種除外)","II"
"409",409,"Ardeotis nigriceps","大印度鴇","I"
"410",410,"Chlamydotis macqueenii","亞洲波斑鴇","I"
"411",411,"Chlamydotis undulata","波斑鴇","I"
"412",412,"Houbaropsis bengalensis","孟加拉鴇","I"
"413",413,"Gallirallus sylvestris","森秧雞","I"
"414",414,"Gallicrex cinerea","董雞","III"
"415",415,"Rhynochetos jubatus","鷺鶴","I"
"416",416,"Atrichornis clamosus","嘈叢鳥","I"
"417",417,"Coracina macei","花翅山椒鳥","II"
"418",418,"Urocissa caerulea","臺灣藍鵲","III"
"419",419,"Cotinga maculate","帶斑傘鳥","I"
"420",420,"Rupicola spp.","冠傘鳥屬所有種","II"
"421",421,"Xipholena atropurpurea","白翅傘鳥","I"
"422",422,"Emberiza sulphurata","野<U+9D50>(繡眼<U+9D50>)","II"
"423",423,"Gubernatrix cristata","黑冠黃雀","II"
"424",424,"Emberiza aureola","金<U+9D50>","II"
"425",425,"Paroaria capitate","黃嘴紅蠟嘴<U+9D50>","II"
"426",426,"Paroaria coronate","冠紅蠟嘴<U+9D50>","II"
"427",427,"Tangara fastuosa","七彩唐加拉雀","II"
"428",428,"Amandava Formosa","綠色紅梅花雀","II"
"429",429,"Poephila cincta cincta","黑喉草雀","II"
"430",430,"Lonchura atricapilla","黑頭文鳥","III"
"431",431,"Carduelis cucullata","黑頭紅金翅","I"
"432",432,"Carduelis yarrellii","黃臉金翅","II"
"433",433,"Carpodacus formosanus","臺灣朱雀","III"
"434",434,"Prunella collaris","岩鷚","III"
"435",435,"Pseudochelidon sirintarae","白眼河燕","I"
"436",436,"Xanthopsar flavus","橙頭黑鸝","I"
"437",437,"Lanius cristatus","紅尾伯勞","III"
"438",438,"Actinodura morrisoniana","紋翼畫眉","III"
"439",439,"Garrulax canorus","畫眉","II"
"440",440,"Garrulax taewanus","臺灣畫眉","II"
"441",441,"Ianthocincla poecilorhyncha%(Synonym : Garrulax poecilorhynchus)","棕噪眉(竹鳥)","II"
"442",442,"Ianthocincla ruficeps%(Synonym : Garrulax albogularis)","白喉噪眉(白喉笑鶇)","II"
"443",443,"Liocichla omeiensis","灰胸藪<U+9DA5>","II"
"444",444,"Liocichla steerii","黃胸藪眉","III"
"445",445,"Heterophasia auricularis","白耳畫眉","III"
"446",446,"Lichenostomus melanops cassidix","頭盔食蜜鳥","II"
"447",447,"Terpsiphone atrocaudata","紫壽帶(綬帶鳥)","II"
"448",448,"Myiomela leucura%(Synonym : Cinclidium leucura)","白尾鴝","III"
"449",449,"Cyornis ruckii","魯克氏仙鶲","II"
"450",450,"Dasyornis broadbenti litoralis%(possibly extinct)","棕色刺鳥(可能已滅絕)","I"
"451",451,"Dasyornis longirostris","長尾刺鳥","I"
"452",452,"Enicurus scouleri","小剪尾","II"
"453",453,"Niltava vivida","黃腹琉璃","III"
"454",454,"Phoenicurus fuliginosus%(Synonym : Rhyacornis fuliginosus)","鉛色水鶇","III"
"455",455,"Picathartes gymnocephalus","禿頭岩鶲","I"
"456",456,"Picathartes oreas","灰頸岩鶲","I"
"457",457,"Tarsiger indicus%(Synonym : Luscinia indica)","白眉林鴝","III"
"458",458,"Tarsiger johnstoniae","栗背林鴝","III"
"459",459,"Oriolus chinensis","黃鸝","II"
"460",460,"Oriolus traillii","朱鸝","II"
"461",461,"Paradisaeidae spp.","天堂鳥科所有種","II"
"462",462,"Macholophus holsti%(Synonym : Parus holsti)","黃山雀","II"
"463",463,"Parus monticolus","綠背山雀(青背山雀)","III"
"464",464,"Periparus ater%(Synonym : Parus ater)","煤山雀","III"
"465",465,"Sittiparus castaneoventris%(Synonym : Sittiparus varius)","赤腹山雀","II"
"466",466,"Passer rutilans","山麻雀","I"
"467",467,"Pitta guajana","藍尾八色鶇","II"
"468",468,"Pitta gurneyi","泰國八色鶇","I"
"469",469,"Pitta kochi","呂宋八色鶇","I"
"470",470,"Pitta nympha","仙八色鶇(八色鳥)","II"
"471",471,"Pycnonotus taivanus","烏頭翁","II"
"472",472,"Pycnonotus zeylanicus","黃冠鵯","II"
"473",473,"Regulus goodfellowi","臺灣戴菊(火冠戴菊鳥)","III"
"474",474,"Acridotheres cristatellus","八哥","II"
"475",475,"Gracula religiosa","九官鳥","II"
"476",476,"Leucopsar rothschildi","長冠八哥","I"
"477",477,"Phylloscopus ijimae","飯島柳鶯(艾吉柳鶯)","III"
"478",478,"Leiothrix argentauris","銀耳相思鳥","II"
"479",479,"Leiothrix lutea","紅嘴相思鳥","II"
"480",480,"Turdus poliocephalus","白頭鶇","II"
"481",481,"Yuhina brunneiceps","冠羽畫眉","III"
"482",482,"Zosterops albogularis","諾福克繡眼","I"
"483",483,"Dendrocopos leucotos","大赤啄木","II"
"484",484,"Dryocopus javensis richardsi","白腹黑啄木","I"
"485",485,"Picus canus","綠啄木","II"
"486",486,"Pteroglossus aracari","黑頸阿卡拉鴷","II"
"487",487,"Pteroglossus viridis","綠阿卡拉鴷","II"
"488",488,"Ramphastos sulfuratus","厚嘴<U+9D4E><U+9D7C>","II"
"489",489,"Ramphastos toco","鞭絺<U+9D4E><U+9D7C>","II"
"490",490,"Ramphastos tucanus","紅嘴<U+9D4E><U+9D7C>","II"
"491",491,"Ramphastos vitellinus","凹嘴<U+9D4E><U+9D7C>","II"
"492",492,"Podilymbus gigas","巨鷿鷈","I"
"493",493,"Cacatua alba","白鳳頭鸚鵡","II"
"494",494,"Cacatua galerita","葵花鳳頭鸚鵡","II"
"495",495,"Cacatua goffiniana%(Synonym : Cacatua goffini)","戈芬氏鳳頭鸚鵡","I"
"496",496,"Cacatua haematuropygia","紅肛鳳頭鸚鵡","I"
"497",497,"Cacatua leadbeateri","車輪冠鳳頭鸚鵡","II"
"498",498,"Cacatua moluccensis","鮭冠鸚鵡","I"
"499",499,"Cacatua ophthalmica","藍眼鳳頭鸚鵡","II"
"500",500,"Cacatua sulphurea","小葵花鳳頭鸚鵡","I"
"501",501,"Calyptorhynchus banksii","紅尾黑巴丹鳳頭鸚鵡","II"
"502",502,"Probosciger aterrimus","棕櫚美冠鸚鵡","I"
"503",503,"Chalcopsitta atra","酋長鸚鵡","II"
"504",504,"Eos histrio","紅藍吸蜜鸚鵡","I"
"505",505,"Vini ultramarina","深藍吸蜜鸚鵡","I"
"506",506,"Alisterus scapularis","澳洲國王鸚鵡","II"
"507",507,"Amazona aestiva xanthopteryx","黃翼藍帽亞馬遜鸚鵡","II"
"508",508,"Amazona albifrons","白額亞馬遜鸚鵡","II"
"509",509,"Amazona amazonica","橙翅亞馬遜鸚鵡","II"
"510",510,"Amazona arausiaca","紅項亞馬遜鸚哥","I"
"511",511,"Amazona auropalliata","黃領帽亞馬遜鸚鵡","I"
"512",512,"Amazona autumnalis","紅額亞馬遜鸚鵡","II"
"513",513,"Amazona barbadensis","黃肩亞馬遜鸚哥","I"
"514",514,"Amazona brasiliensis","紅尾亞馬遜鸚哥","I"
"515",515,"Amazona farinosa","美麗亞馬遜鸚鵡","II"
"516",516,"Amazona finschi","淡紫冠亞馬遜鸚哥","I"
"517",517,"Amazona guildingii","聖文森亞馬遜鸚哥","I"
"518",518,"Amazona imperialis","帝王亞馬遜鸚哥","I"
"519",519,"Amazona leucocephala","古巴亞馬遜鸚哥","I"
"520",520,"Amazona ochrocephala","黃帽亞馬遜鸚鵡","II"
"521",521,"Amazona oratrix","黃頭亞馬遜鸚哥","I"
"522",522,"Amazona pretrei","紅眼鏡亞馬遜鸚哥","I"
"523",523,"Amazona rhodocorytha","紅額亞馬遜鸚哥","I"
"524",524,"Amazona tucumana","赤楊亞馬遜鸚哥","I"
"525",525,"Amazona versicolor","聖蘆亞馬遜鸚哥","I"
"526",526,"Amazona vinacea","紅胸亞馬遜鸚哥","I"
"527",527,"Amazona viridigenalis","紅冠亞馬遜鸚哥","I"
"528",528,"Amazona vittata","波多亞馬遜鸚哥","I"
"529",529,"Anodorhynchus spp.","琉璃金剛鸚鵡屬所有種","I"
"530",530,"Ara ambiguous","大綠金剛鸚鵡","I"
"531",531,"Ara ararauna","藍黃金剛鸚鵡","II"
"532",532,"Ara chloroptera","綠翅金剛鸚鵡","II"
"533",533,"Ara glaucogularis","藍喉金剛鸚鵡","I"
"534",534,"Ara macao","緋紅金剛鸚鵡","I"
"535",535,"Ara militaris","軍用金剛鸚鵡","I"
"536",536,"Ara rubrogenys","紅額金剛鸚鵡","I"
"537",537,"Aratinga weddellii","紅額亞馬遜鸚鵡","II"
"538",538,"Coracopsis nigra","非洲黑鸚鵡","II"
"539",539,"Coracopsis vasa","馬島鸚鵡","II"
"540",540,"Cyanopsitta spixii","小藍金剛鸚鵡","I"
"541",541,"Cyanoramphus cookii","諾福克紅額鸚鵡","I"
"542",542,"Cyanoramphus forbesi","黃額鸚鵡","I"
"543",543,"Cyanoramphus novaezelandiae","紅額鸚鵡","I"
"544",544,"Cyanoramphus saisseti","新加里東紅額鸚鵡","I"
"545",545,"Cyclopsitta diophthalma coxeni","雙眼無花果鸚鵡","I"
"546",546,"Eunymphicus cornutus","角鸚鵡","I"
"547",547,"Guarouba guarouba","金色鸚哥","I"
"548",548,"Neophema chrysogaster","藍翅鸚鵡","I"
"549",549,"Ognorhynchus icterotis","黃耳鸚哥","I"
"550",550,"Pezoporus occidentalis%(Synonym : Geopsittacus occidentalis; Possibly extinct)","夜鸚鵡(可能已滅絕) ","I"
"551",551,"Pezoporus wallicus","地棲鸚鵡","I"
"552",552,"Pionites leucogaster","金頭凱克鸚鵡","II"
"553",553,"Pionopsitta pileata","紅帽鸚哥","I"
"554",554,"Poicephalus robustus","好望角鸚鵡","II"
"555",555,"Primolius couloni","藍頭金剛鸚鵡","I"
"556",556,"Primolius maracana","藍翅金剛鸚鵡","I"
"557",557,"Psephotus chrysopterygius","金肩鸚鵡","I"
"558",558,"Psephotus dissimilis","黃肩長尾鸚鵡","I"
"559",559,"Psephotus pulcherrimus%(extinct)","樂園鸚鵡(已滅絕)","I"
"560",560,"Psittacula echo","模里西斯環頸鸚鵡","I"
"561",561,"Psittacus erithacus","灰鸚鵡","I"
"562",562,"Pyrrhura cruentata","紅斑長尾鸚鵡","I"
"563",563,"Rhynchopsitta spp.","厚嘴鸚鵡屬所有種","I"
"564",564,"Strigops habroptilus","貓面鸚鵡","I"
"565",565,"Rhea pennata (Synonym : Pterocnemia pennata)","美洲小鴕","I"
"566",566,"Rhea americana","美洲鴕","II"
"567",567,"STRIGIFORMES spp.%(Except the species included in Endangered Species)","鴞形目所有種(瀕臨絕種物種除外)","II"
"568",568,"Asio flammeus","短耳鴞","II"
"569",569,"Asio otus","長耳鴞","II"
"570",570,"Glaucidium brodiei","鵂鶹","II"
"571",571,"Heteroglaux blewitti","林斑小鴞","I"
"572",572,"Ketupa flavipes","黃魚鴞","II"
"573",573,"Mimizuku gurneyi","巨角鴞","I"
"574",574,"Ninox japonica%(Synonym : Ninox scutulata)","褐鷹鴞","II"
"575",575,"Ninox natalis","栗鷹鴞","I"
"576",576,"Otus elegans botelensis","蘭嶼角鴞(優雅角鴞)","II"
"577",577,"Otus lettia%(Synonym : Otus bakkamoena)","領角鴞","II"
"578",578,"Otus spilocephalus","黃嘴角鴞","II"
"579",579,"Otus sunia","東方角鴞","II"
"580",580,"Strix leptogrammica","褐林鴞","II"
"581",581,"Strix nivicolum%(Synonym : Strix aluco)","東方灰林鴞(灰林鴞)","II"
"582",582,"Tyto longimembris%(Synonym : Tyto capensis)","草鴞","I"
"583",583,"Tyto soumagnei","馬島草鴞","I"
"584",584,"Tinamus solitarius","孤共鳥","I"
"585",585,"Pharomachrus mocinno","綠咬鵑","I"
"586",586,"Alligator sinensis","揚子鱷","I"
"587",587,"Caiman crocodilus apaporiensis","眼鏡凱門鱷阿帕波里斯河亞種","I"
"588",588,"Caiman latirostris%(Except the population of Argentina)","寬吻凱門鱷(阿根廷族群除外)","I"
"589",589,"Melanosuchus niger(Except the population of Brazil, Ecuador)","黑凱門鱷(巴西及厄瓜多族群除外)","I"
"590",590,"Crocodylus acutus%(Except the population of Cuba)","美洲鱷(古巴族群除外)","I"
"591",591,"Mecistops cataphractus (Synonym :Crocodylus cataphractus)","非洲細吻鱷","I"
"592",592,"Crocodylus intermedius","奧利諾科鱷","I"
"593",593,"Crocodylus mindorensis","菲律賓鱷","I"
"594",594,"Crocodylus moreletii","瓜地馬拉鱷","I"
"595",595,"Crocodylus niloticus(Except the populations of Botswana, Ethiopia, Kenya, Madagascar, Malawi, Mozambique, Namibia, South Africa, Uganda, the United Republic of Tanzania, Zambia and Zimbabwe)","尼羅鱷(波札那、衣索比亞、肯亞、馬達加斯加、馬拉威、莫三比克、納米比亞、南非、烏干達、坦尚尼亞、尚比亞和辛巴威之族群除外)","I"
"596",596,"Crocodylus palustris","沼澤鱷","I"
"597",597,"Crocodylus porosus(Except the populations of Australia, Indonesia and Papua New Guinea)","河口鱷(澳大利亞、印尼和巴布亞紐幾內亞之族群除外)","I"
"598",598,"Crocodylus rhombifer","古巴鱷","I"
"599",599,"Crocodylus siamensis","暹羅鱷","I"
"600",600,"Osteolaemus tetraspis","侏儒鱷","I"
"601",601,"Tomistoma schlegelii","馬來長嘴鱷","I"
"602",602,"Gavialis gangeticus","恆河鱷","I"
"603",603,"Sphenodon spp.","刺背鱷蜥屬所有種","I"
"604",604,"Japalura luei","呂氏攀蜥","II"
"605",605,"Japalura makii","牧氏攀蜥","II"
"606",606,"Dopasia harti%(Synonym : Ophisaurus harti)","哈特氏蛇蜥(蛇蜥、臺灣蛇蜥)","II"
"607",607,"Abronia anzuetoi","安氏樹鱷蜥","I"
"608",608,"Abronia campbelli","坎氏樹鱷蜥","I"
"609",609,"Abronia fimbriata","飾緣樹鱷蜥","I"
"610",610,"Abronia frosti","弗氏樹鱷蜥","I"
"611",611,"Abronia meledona","聖山樹鱷蜥","I"
"612",612,"Archaius spp.","賽席爾變色龍屬所有種","II"
"613",613,"Bradypodion spp.","侏儒變色龍屬所有種","II"
"614",614,"Brookesia spp.(Except the species included in Endangered Species)","枯葉變色龍屬所有種(瀕臨絕種物種除外)","II"
"615",615,"Brookesia perarmata","玫瑰枯葉變色龍","I"
"616",616,"Calumma spp.","瘤冠變色龍屬所有種","II"
"617",617,"Chamaeleo spp.%(Except Chamaeleo calyptratus)","變色龍屬所有種(高冠變色龍Chamaeleo calyptratus除外)","II"
"618",618,"Furcifer spp.","馬達加斯加變色龍屬所有種","II"
"619",619,"Kinyongia spp.","非洲變色龍屬所有種","II"
"620",620,"Nadzikambia spp.","木蘭吉山變色龍屬所有種","II"
"621",621,"Trioceros spp.","三角變色龍亞屬所有種","II"
"622",622,"Cordylus spp.","環尾蜥屬所有種","II"
"623",623,"Cnemaspis psychedelica","幻彩壁虎","I"
"624",624,"Gekko kikuchii","菊池氏壁虎(蘭嶼守宮、菊池氏蚧蛤)","II"
"625",625,"Lepidodactylus yami","雅美鱗趾虎(雅美鱗趾蝎虎)","II"
"626",626,"Lygodactylus williamsi","鈷藍日守宮","I"
"627",627,"Nactus serpensinsula","蛇島弓趾虎","II"
"628",628,"Naultinus spp.","紐西蘭壁虎屬所有種","II"
"629",629,"Uroplatus spp.","馬達加斯加葉尾壁虎屬所有種","II"
"630",630,"Heloderma spp.(Except the species included in Endangered Species)","毒蜥屬所有種(瀕臨絕種物種除外)","II"
"631",631,"Heloderma horridum charlesbogerti","墨西哥毒蜥瓜地馬拉亞種","I"
"632",632,"Brachylophus spp.","斐濟鬣蜥屬所有種","I"
"633",633,"Conolophus spp.","陸鬣蜥屬所有種","II"
"634",634,"Ctenosaura bakeri","烏提拉刺尾鬣蜥","II"
"635",635,"Ctenosaura melanosterna","阿關刺尾鬣蜥","II"
"636",636,"Ctenosaura oedirhina","羅騰刺尾鬣蜥","II"
"637",637,"Ctenosaura palearis","拉刺尾鬣蜥","II"
"638",638,"Cyclura spp.","圓尾鬣蜥屬所有種","I"
"639",639,"Iguana spp.%(Except Iguana iguana)","美洲鬣蜥屬所有種(綠鬣蜥Iguana iguana除外)","II"
"640",640,"Phrynosoma blainvillii","布蘭維爾斯角蜥","II"
"641",641,"Phrynosoma cerroense","島角蜥","II"
"642",642,"Phrynosoma coronatum","海岸角蜥","II"
"643",643,"Phrynosoma wigginsi","海灣角蜥","II"
"644",644,"Sauromalus varius","變色斑紋鬣蜥","I"
"645",645,"Gallotia simonyi","西氏加納利群島蜥","I"
"646",646,"Podarcis lilfordi","利氏壁蜥","II"
"647",647,"Podarcis pityusensis","依比茲壁蜥","II"
"648",648,"Takydromus sauteri","梭德氏草蜥(南臺草蜥)","III"
"649",649,"Lanthanotidae spp.","婆羅蜥科(無耳巨蜥科)所有種","II"
"650",650,"Corucia zebrata","所羅門蜥","II"
"651",651,"Crocodilurus amazonicus","鱷尾蜥","II"
"652",652,"Dracaena spp.","閃光蜥屬所有種","II"
"653",653,"Varanus spp.(Except the species included in Endangered Species)","巨蜥屬所有種(瀕臨絕種物種除外)","II"
"654",654,"Varanus bengalensis","孟加拉巨蜥","I"
"655",655,"Varanus flavescens","黃巨蜥","I"
"656",656,"Varanus griseus","沙漠巨蜥","I"
"657",657,"Varanus komodoensis","科摩多巨蜥","I"
"658",658,"Varanus nebulosus","點斑巨蜥","I"
"659",659,"Shinisaurus crocodilurus","瑤山鱷蜥","I"
"660",660,"Acrantophis spp.","馬達加斯加地蚺屬所有種","I"
"661",661,"Boa constrictor occidentalis","虹尾蚺阿根廷亞種","I"
"662",662,"Epicrates inornatus","波多黎各虹蚺","I"
"663",663,"Epicrates monensis","莫島虹蚺","I"
"664",664,"Epicrates subflavus","牙買加虹蚺","I"
"665",665,"Sanzinia madagascariensis","馬達加斯加樹蚺","I"
"666",666,"Bolyeriidae spp.(Except the species included in Endangered Species)","雷蛇科所有種(瀕臨絕種物種除外)","II"
"667",667,"Bolyeria multocarinata","圓島雷蛇","I"
"668",668,"Casarea dussumieri","圓島地蚺","I"
"669",669,"Amphiesma miyajimae","金絲蛇","I"
"670",670,"Clelia clelia","擬蚺蛇","II"
"671",671,"Cyclagras gigas","南美水蛇","II"
"672",672,"Elachistodon westermanni","印度食卵蛇","II"
"673",673,"Hypsiscopus plumbea (Synonym : Enhydris plumbea)","鉛色水蛇","III"
"674",674,"Euprepiophis mandarinus%(Synonym : Elaphe mandarina)","高砂蛇","III"
"675",675,"Myrrophis chinensis%(Synonym : Enhydris chinensis)","唐水蛇","II "
"676",676,"Elaphe taeniura %(Synonym : Orthriophis taeniurus)%","黑眉錦蛇(錦蛇)","III"
"677",677,"Rhabdophis swinhonis","斯文豪氏游蛇","III"
"678",678,"Sinonatrix annularis","赤腹游蛇","II"
"679",679,"Xenochrophis piscator","草花蛇","III"
"680",680,"Hoplocephalus bungaroides","寬盔頭蛇","II"
"681",681,"Naja kaouthia","單眼紋眼鏡蛇","II"
"682",682,"Naja mandalayensis","緬甸眼鏡蛇","II"
"683",683,"Naja naja","印度眼鏡蛇","II"
"684",684,"Naja oxiana","中亞眼鏡蛇","II"
"685",685,"Naja philippinensis","菲律賓眼鏡蛇","II"
"686",686,"Naja sagittifera","安達曼眼鏡蛇","II"
"687",687,"Naja samarensis","菲南眼鏡蛇","II"
"688",688,"Naja siamensis","暹羅眼鏡蛇","II"
"689",689,"Naja sputatrix","印尼噴毒眼鏡蛇","II"
"690",690,"Naja sumatrana","蘇門答臘噴毒眼鏡蛇","II"
"691",691,"Ophiophagus hannah","眼鏡王蛇","II"
"692",692,"Sinomicrurus hatori","羽鳥氏帶紋赤蛇","II"
"693",693,"Sinomicrurus macclellandi","環紋赤蛇","III"
"694",694,"Sinomicrurus sauteri","梭德氏帶紋赤蛇(帶紋赤蛇)","II"
"695",695,"Python molurus molurus","亞洲岩蟒指名亞種","I"
"696",696,"Python reticulatus","網紋蟒","II"
"697",697,"Tropidophiidae spp.","林蚺科所有種","II"
"698",698,"Atheris desaixi","肯亞樹<U+8770>","II"
"699",699,"Bitis worthingtoni","肯亞角<U+8770>(肯亞<U+565D><U+8770>)","II"
"700",700,"Daboia siamensis%(Synonym : Daboia russelii)","鎖蛇","II"
"701",701,"Deinagkistrodon acutus","百步蛇","II"
"702",702,"Ovophis monticola","瑪家山龜殼花(阿里山龜殼花)","II"
"703",703,"Protobothrops mangshanensis %(Synonym : Trimeresurus mangshanensis)","莽山烙鐵頭蛇","II"
"704",704,"Trimeresurus gracilis","菊池氏龜殼花","III"
"705",705,"Vipera ursinii","草原<U+8770>","I"
"706",706,"Montivipera wagneri (Synonym : Vipera wagneri)","魏氏蝮蛇","II"
"707",707,"Carettochelys insculpta","豬鼻龜","II"
"708",708,"Chelodina mccordi","羅地島蛇頸龜","II"
"709",709,"Pseudemydura umbrina","澳洲短頸龜","I"
"710",710,"Dermatemys mawii","泥龜","II"
"711",711,"Glyptemys muhlenbergii","牟氏水龜","I"
"712",712,"Terrapene coahuila","沼澤箱龜","I"
"713",713,"Batagur affinis","馬來潮龜","I"
"714",714,"Batagur baska","潮龜","I"
"715",715,"Batagur borneoensis","三線潮龜","II"
"716",716,"Batagur dhongoka","三線菱背龜","II"
"717",717,"Batagur kachuga","紅額潮龜","II"
"718",718,"Batagur trivittata","緬甸菱背龜","II"
"719",719,"Cuora spp.(Except Cuora flavomarginata)","閉殼龜屬所有種(食蛇龜除外)","II"
"720",720,"Cuora flavomarginata","食蛇龜","I"
"721",721,"Cyclemys spp.","攝龜屬所有種","II"
"722",722,"Geoclemys hamiltonii","斑點池龜","I"
"723",723,"Geoemyda japonica","琉球地龜","II"
"724",724,"Geoemyda spengleri","黑胸葉龜","II"
"725",725,"Hardella thurjii","冠背龜","II"
"726",726,"Heosemys annandalii","黃頭廟龜","II"
"727",727,"Heosemys depressa","亞洲山龜","II"
"728",728,"Heosemys grandis","亞洲巨龜","II"
"729",729,"Heosemys spinosa","太陽龜","II"
"730",730,"Leucocephalon yuwonoi","蘇拉維西葉龜","II"
"731",731,"Malayemys macrocephala","泰國食螺龜","II"
"732",732,"Malayemys subtrijuga","馬來食蝸龜","II"
"733",733,"Mauremys annamensis","安南擬水龜","II"
"734",734,"Mauremys japonica","日本石龜","II"
"735",735,"Mauremys mutica","柴棺龜","I"
"736",736,"Mauremys nigricans","黑頸烏龜","II"
"737",737,"Mauremys reevesii%(Synonym : Chinemys reevesii)","金龜","II"
"738",738,"Melanochelys tricarinata","三龍骨龜","I"
"739",739,"Melanochelys trijuga","印度黑龜","II"
"740",740,"Morenia ocellata","緬甸眼斑沼龜","I"
"741",741,"Morenia petersi","印度眼斑沼龜","II"
"742",742,"Notochelys platynota","六板龜","II"
"743",743,"Orlitia borneensis","婆羅洲河龜","II"
"744",744,"Pangshura spp.%(Except the species included in Endangered Species)","小棱背龜屬所有種(瀕臨絕種物種除外)","II"
"745",745,"Pangshura tecta","北印度棱背龜","I"
"746",746,"Sacalia bealei","眼斑龜","II"
"747",747,"Sacalia quadriocellata","四眼龜","II"
"748",748,"Siebenrockiella crassicollis","粗頸龜","II"
"749",749,"Siebenrockiella leytensis","菲律賓粗頸龜","II"
"750",750,"Vijayachelys silvatica","蔗林龜","II"
"751",751,"Platysternidae spp.","大頭龜科所有種","I"
"752",752,"Erymnochelys madagascariensis","馬達加斯加大頭側頸龜","II"
"753",753,"Peltocephalus dumerilianus","亞馬遜大頭側頸龜","II"
"754",754,"Podocnemis spp.(Except Podocnemis unifilis)","南美側頸龜屬所有種(黃頭側頸龜Podocnemis unifilis除外)","II"
"755",755,"Testudinidae spp.(Except the species included in Endangered Species)","陸龜科所有種(瀕臨絕種物種除外)","II"
"756",756,"Astrochelys radiata","射紋陸龜","I"
"757",757,"Astrochelys yniphora","安哥洛卡陸龜","I"
"758",758,"Chelonoidis nigra","加拉巴哥象龜","I"
"759",759,"Geochelone platynota","緬甸星龜","I"
"760",760,"Gopherus flavomarginatus","黃緣沙龜","I"
"761",761,"Psammobates geometricus","幾何陸龜","I"
"762",762,"Pyxis arachnoides","蛛網陸龜","I"
"763",763,"Pyxis planicauda","平背陸龜","I"
"764",764,"Testudo kleinmanni","埃及陸龜","I"
"765",765,"Amyda cartilaginea","亞洲鱉","II"
"766",766,"Apalone spinifera atra","黑棘鱉","I"
"767",767,"Chitra spp.(Except the species included in Endangered Species)","小頭鱉屬所有種(瀕臨絕種物種除外)","II"
"768",768,"Chitra chitra","紋背小頭鱉","I"
"769",769,"Chitra vandijki","緬甸小頭鱉","I"
"770",770,"Dogania subplana","馬來鱉","II"
"771",771,"Lissemys ceylonensis","斯里蘭卡緣板鱉","II"
"772",772,"Lissemys punctata","印度緣板鱉","II"
"773",773,"Lissemys scutata","緬甸緣板鱉","II"
"774",774,"Nilssonia formosa","緬甸孔雀鱉","II"
"775",775,"Nilssonia gangetica%(Synonym : Aspideretes gangeticus)","印度鱉","I"
"776",776,"Nilssonia hurum%(Synonym : Aspideretes hurum)","孔雀鱉","I"
"777",777,"Nilssonia leithii","萊氏鱉","II"
"778",778,"Nilssonia nigricans%(Synonym : Aspideretes nigricans)","黑鱉","I"
"779",779,"Palea steindachneri","山瑞鱉","II"
"780",780,"Pelochelys spp.","巨鱉屬所有種","II"
"781",781,"Pelodiscus axenaria","砂鱉","II"
"782",782,"Pelodiscus maackii","東北鱉","II"
"783",783,"Pelodiscus parviformis","小鱉","II"
"784",784,"Rafetus swinhoei","斑鱉","II"
"785",785,"Allobates femoralis","紅腿異箭毒蛙","II"
"786",786,"Allobates hodli","哈氏異箭毒蛙","II"
"787",787,"Allobates myersi","麥氏異箭毒蛙","II"
"788",788,"Allobates rufulus","席拉異箭毒蛙","II"
"789",789,"Allobates zaparo","紅背異箭毒蛙","II"
"790",790,"Amietophrynus superciliaris%(Synonym : Bufo superciliaris)","睫眉蟾蜍","I"
"791",791,"Altiphrynoides spp.%(Synonym : Spinophrynoides spp.)","衣索匹亞蟾蜍屬所有種","I"
"792",792,"Atelopus zeteki","澤氏斑蟾","I"
"793",793,"Incilius periglenes%(Synonym : Bufo periglenes)","金色蟾蜍","I"
"794",794,"Nectophrynoides spp.","非洲胎生蟾蜍屬所有種","I"
"795",795,"Nimbaphrynoides spp.","寧巴山胎生蟾蜍屬所有種","I"
"796",796,"Adelphobates spp.","巴西果箭毒蛙屬所有種","II"
"797",797,"Ameerega spp.","彩腹箭毒蛙屬所有種","II"
"798",798,"Andrinobates spp.","紅寶石箭毒蛙屬所有種","II"
"799",799,"Dendrobates spp.","箭毒蛙屬所有種","II"
"800",800,"Epipedobates spp.","幽靈箭毒蛙屬所有種","II"
"801",801,"Excidobates spp.","斑點箭毒蛙屬所有種","II"
"802",802,"Hyloxalus azureiventris%(Synonym : Cryptophyllobates azureiventris)","天藍箭毒蛙","II"
"803",803,"Minyobates spp.","侏儒箭毒蛙屬所有種","II"
"804",804,"Oophaga spp.","食卵箭毒蛙屬所有種","II"
"805",805,"Phyllobates spp.","葉箭毒蛙屬所有種","II"
"806",806,"Ranitomeya spp.","拇指箭毒蛙屬所有種","II"
"807",807,"Mantella spp.","曼蛙屬所有種","II"
"808",808,"Telmatobius culeus","的的喀喀湖蛙","I"
"809",809,"Dyscophus antongilii","安東吉利紅蛙","II"
"810",810,"Babina okinavana%(Synonym : Rana okinavana)","豎琴蛙","II"
"811",811,"Hylarana taipehensis%(Synonym : Rana taipehensis)","臺北赤蛙","II"
"812",812,"Pelophylax fukienensis%(Synonym : Rana plancyi)","金線蛙","III"
"813",813,"Rhacophorus arvalis","諸羅樹蛙","II"
"814",814,"Rhacophorus aurantiventris","橙腹樹蛙","II"
"815",815,"Rhacophorus prasinatus","翡翠樹蛙","III"
"816",816,"Rhacophorus taipeianus","臺北樹蛙","III"
"817",817,"Andrias spp.","大鯢屬所有種","I"
"818",818,"Hynobius arisanensis","阿里山山椒魚","II"
"819",819,"Hynobius formosanus","臺灣山椒魚","I"
"820",820,"Hynobius fuca","觀霧山椒魚","I"
"821",821,"Hynobius glacialis","南湖山椒魚","I"
"822",822,"Hynobius sonani","楚南氏山椒魚","I"
"823",823,"Neurergus kaiseri","帝王蠑螈","I"
"824",824,"Hemimyzon taitungensis","臺東間爬岩鰍","II"
"825",825,"Sinogastromyzon nantaiensis","南臺中華爬岩鰍","III"
"826",826,"Sinogastromyzon puliensis","埔里中華爬岩鰍","III"
"827",827,"Chasmistes cujus","貴玉屈魚","I"
"828",828,"Metzia formosae","臺灣梅氏<U+9BFF>(臺灣細<U+9BFF>)","III"
"829",829,"Metzia mesembrinum%(Synonym : Metzia mesembrina)","大鱗梅氏<U+9BFF>","III"
"830",830,"Pararasbora moltrechti","臺灣副細鯽(臺灣白魚)","II"
"831",831,"Probarbus jullieni","穗鬚原鯉","I"
"832",832,"Squalidus banarescui","巴氏銀鮈","I"
"833",833,"Squalidus iijimae","飯島氏銀鮈","I"
"834",834,"Scleropages formosus","龍魚","I"
"835",835,"Oncorhynchus masou","櫻花鉤吻鮭","I"
"836",836,"Liobagrus formosanus","臺灣<U+9BB0>","III"
"837",837,"Pangasianodon gigas","湄公河大鯰","I"
"838",838,"Buprestis mirabilis","妖艷吉丁蟲","II"
"839",839,"Hemadius oenochrous%(Synonym : Aeolesthes oenochrous)","霧社血斑天牛","III"
"840",840,"Eupyrgops waltonianus(Synonym : Kashotonus multipunctatus)","碎斑硬象鼻蟲","II"
"841",841,"Pachyrhynchus chlorites(Synonym : Pachyrrhynchus insularis)","白點球背象鼻蟲","II"
"842",842,"Pachyrhynchus nobilis yamianus%(Synonym : Pachyrrhynchus yamianus)","斷紋球背象鼻蟲","II"
"843",843,"Pachyrhynchus sarcitis kotoensis%(Synonym : Pachyrrhynchus kotoensis)","大圓斑球背象鼻蟲","II"
"844",844,"Pachyrhynchus sonani%(Synonym : Pachyrrhynchus sonani)","條紋球背象鼻蟲","II"
"845",845,"Pachyrhynchus tobafolius(Synonym : Pachyrrhynchus tobafolius)","小圓斑球背象鼻蟲","II"
"846",846,"Campsosternus watanabei","虹彩叩頭蟲(彩虹叩頭蟲)","II"
"847",847,"Aquatica hydrophila%(Synonym : Luciola hydrophila)","黃胸黑翅螢","II"
"848",848,"Pristolycus kanoi","鹿野氏黑脈螢","II"
"849",849,"Dorcus curvidens formosanus%(Synonym : Dorcus formosanus)","臺灣大鍬形蟲","III"
"850",850,"Dorcus schenklingi","長角大鍬形蟲","II"
"851",851,"Cheirotonus formosanus%(Synonym : Cheirotonus macleayi)","臺灣長臂金龜","III"
"852",852,"Formotosena seebohmi","臺灣爺蟬","II"
"853",853,"Sasakia charonda","大紫蛺蝶","I"
"854",854,"Papilio maraho%(Synonym : Agehana maraho)","寬尾鳳蝶","I"
"855",855,"Atrophaneura horishana","曙鳳蝶","III"
"856",856,"Ornithoptera alexandrae","雅麗珊卓女王鳥翼蝶(女王亞歷山大巨鳳蝶)","I"
"857",857,"Papilio chikae","呂宋鳳蝶","I"
"858",858,"Papilio homerus","荷馬鳳蝶(荷西鳳蝶)","I"
"859",859,"Troides aeacus","黃裳鳳蝶","III"
"860",860,"Troides magellanus","珠光鳳蝶","I"
"861",861,"Anotogaster klossi%(Synonym : Anotogaster sieboldii)","無霸勾蜓","II"
"862",862,"Phyllophorina kotoshoensis","蘭嶼大葉螽蟴","III"
"863",863,"Megacrania tsudai","津田氏大頭竹節蟲","II"
"864",864,"Birgus latro","椰子蟹(八卦蟹)","II"
"865",865,"Conradilla caelata","鳥翼真珠蚌","I"
"866",866,"Dromus dromas","單峰駱駝真珠蚌","I"
"867",867,"Epioblasma curtisi","短真珠蚌","I"
"868",868,"Epioblasma florentina","黃花真珠蚌","I"
"869",869,"Epioblasma sampsonii","辛布森氏真珠蚌","I"
"870",870,"Epioblasma sulcata perobliqua","白貓爪真珠蚌","I"
"871",871,"Epioblasma torulosa gubernaculum","綠花真珠蚌","I"
"872",872,"Epioblasma torulosa torulosa","瘤花真珠蚌","I"
"873",873,"Epioblasma turgidula","大花真珠蚌","I"
"874",874,"Epioblasma walkeri","棕花真珠蚌","I"
"875",875,"Fusconaia cuneolus","細線豬趾真珠蚌","I"
"876",876,"Fusconaia edgariana","閃爍豬趾真珠蚌","I"
"877",877,"Lampsilis higginsii","何金氏真珠蚌","I"
"878",878,"Lampsilis orbiculata orbiculata","粉紅真珠蚌","I"
"879",879,"Lampsilis satur","素袖珍真珠蚌","I"
"880",880,"Lampsilis virescens","阿拉巴馬真珠蚌","I"
"881",881,"Plethobasus cicatricosus","白疙瘩真珠蚌","I"
"882",882,"Plethobasus cooperianus","橘足疙瘩真珠蚌","I"
"883",883,"Pleurobema plenum","粗豬趾真珠蚌","I"
"884",884,"Potamilus capax","肥袖珍真珠蚌","I"
"885",885,"Quadrula intermedia","康布蘭德猴面真珠蚌","I"
"886",886,"Quadrula sparsa","阿帕拉契山猴面真珠蚌","I"
"887",887,"Toxolasma cylindrella","侏儒真珠蚌","I"
"888",888,"Unio nickliniana","尼克林氏真珠蚌","I"
"889",889,"Unio tampicoensis tecomatensis","墨西哥真珠蚌","I"
"890",890,"Villosa trabalis","康布蘭德豆真珠蚌","I"
"891",891,"Achatinella spp.","小瑪瑙螺屬所有種","I"
"892",892,NA,NA,NA
